:020000040800F2
:1000000000000220193B0008013A0008093A0008E4
:10001000113A0008193A0008213A000800000000CF
:10002000000000000000000000000000293A000865
:10003000373A000800000000453A0008533A00082B
:10004000693B0008693B0008693B0008693B000800
:10005000693B0008693B0008693B0008693B0008F0
:10006000693B0008693B0008693B0008693B0008E0
:10007000693B0008693B0008693B0008693B0008D0
:10008000693B0008693B0008693B0008693B0008C0
:10009000693B0008693B0008693B00085F3A0008BB
:1000A000693B0008693B0008693B0008693B0008A0
:1000B000753A0008693B0008693B0008693B000885
:1000C000693B0008693B0008693B0008693B000880
:1000D000693B0008693B0008693B0008693B000870
:1000E000693B0008693B0008693B0008693B000860
:1000F000693B0008693B0008693B0008693B000850
:10010000693B0008693B0008693B0008693B00083F
:10011000693B0008693B0008693B0008693B00082F
:10012000693B0008693B0008693B0008693B00081F
:10013000693B0008693B0008693B0008693B00080F
:10014000693B0008693B0008693B0008693B0008FF
:10015000693B0008693B0008693B0008693B0008EF
:10016000693B0008693B0008693B0008693B0008DF
:10017000693B0008693B0008693B0008693B0008CF
:10018000693B0008693B0008693B0008693B0008BF
:10019000693B000800000000693B0008693B00085B
:1001A000693B0008693B0008693B0008693B00089F
:1001B000693B0008693B0008693B0008693B00088F
:1001C000693B0008693B0008693B0008693B00087F
:0801D000693B0008693B0008CF
:1001E00010B5054C237833B9044B13B10448AFF371
:1001F00000800123237010BD200A002000000000B1
:10020000F07D000808B5034B1BB103490348AFF369
:10021000008008BD00000000240A0020F07D0008D6
:1002200001F0FF01102A2BDB10F0070F08D010F8A7
:10023000013B013A8B422DD010F0070F42B3F6D1AB
:10024000F0B441EA012141EA014122F007047FF0C4
:1002500000070023F0E80256083C85EA010586EA1B
:10026000010685FA47F5A3FA87F586FA47F6A5FA57
:1002700087F68EB9EED1F0BC01F0FF0102F0070263
:1002800032B110F8013B013A83EA010313B1F8D10E
:100290000020704701387047002D06BF35460338EF
:1002A000073815F0010F07D1013015F4807F02BF28
:1002B000013015F4C03F0130F0BC0138704700BF79
:1002C00081F0004102E000BF83F0004330B54FEA07
:1002D00041044FEA430594EA050F08BF90EA020F74
:1002E0001FBF54EA000C55EA020C7FEA645C7FEA07
:1002F000655C00F0E2804FEA5454D4EB5555B8BF2A
:100300006D420CDD2C4480EA020281EA030382EA9A
:10031000000083EA010180EA020281EA0303362D2C
:1003200088BF30BD11F0004F4FEA01314FF4801CFF
:100330004CEA113102D0404261EB410113F0004F11
:100340004FEA03334CEA133302D0524263EB4303C8
:1003500094EA050F00F0A780A4F10104D5F1200E66
:100360000DDB02FA0EFC22FA05F2801841F10001C1
:1003700003FA0EF2801843FA05F359410EE0A5F195
:1003800020050EF1200E012A03FA0EFC28BF4CF0C6
:10039000020C43FA05F3C01851EBE37101F000457C
:1003A00007D54FF0000EDCF1000C7EEB00006EEB89
:1003B0000101B1F5801F1BD3B1F5001F0CD3490813
:1003C0005FEA30004FEA3C0C04F101044FEA44526A
:1003D00012F5800F80F09A80BCF1004F08BF5FEAF1
:1003E000500C50F1000041EB045141EA050130BDD1
:1003F0005FEA4C0C404141EB0101013C28BFB1F5E3
:10040000801FE9D291F0000F04BF01460020B1FA2D
:1004100081F308BF2033A3F10B03B3F120020CDA00
:100420000C3208DD02F1140CC2F10C0201FA0CF0DE
:1004300021FA02F10CE002F11402D8BFC2F1200C43
:1004400001FA02F120FA0CFCDCBF41EA0C019040F9
:10045000E41AA2BF01EB0451294330BD6FEA040442
:100460001F3C1CDA0C340EDC04F11404C4F120022D
:1004700020FA04F001FA02F340EA030021FA04F33F
:1004800045EA030130BDC4F10C04C4F1200220FA96
:1004900002F001FA04F340EA0300294630BD21FAD4
:1004A00004F0294630BD94F0000F83F4801306BF9A
:1004B00081F480110134013D4EE77FEA645C18BF8E
:1004C0007FEA655C29D094EA050F08BF90EA020F25
:1004D00005D054EA000C04BF1946104630BD91EA1D
:1004E000030F1EBF0021002030BD5FEA545C05D120
:1004F0004000494128BF41F0004130BD14F580045F
:100500003CBF01F5801130BD01F0004545F0FE41D2
:1005100041F470014FF0000030BD7FEA645C1ABF07
:10052000194610467FEA655C1CBF0B46024650EA3E
:10053000013406BF52EA033591EA030F41F400216A
:1005400030BD00BF90F0000F04BF0021704730B5F0
:100550004FF4806404F132044FF000054FF00001C5
:1005600050E700BF90F0000F04BF0021704730B586
:100570004FF4806404F1320410F0004548BF40425B
:100580004FF000013EE700BF42004FEAE2014FEAB0
:1005900031014FEA02701FBF12F07F4393F07F4F8B
:1005A00081F06051704732F07F4208BF704793F08E
:1005B0007F4F04BF41F40021704730B54FF46074A1
:1005C00001F0004521F000411CE700BF50EA0102A4
:1005D00008BF704730B54FF000050AE050EA01024D
:1005E00008BF704730B511F0004502D5404261EBBD
:1005F00041014FF4806404F132045FEA915C3FF4FE
:10060000D8AE4FF003025FEADC0C18BF03325FEA9A
:10061000DC0C18BF033202EBDC02C2F1200300FA4B
:1006200003FC20FA02F001FA03FE40EA0E0021FA70
:1006300002F11444BDE600BF70B54FF0FF0C4CF45E
:10064000E06C1CEA11541DBF1CEA135594EA0C0F10
:1006500095EA0C0F00F0DEF82C4481EA030621EA4B
:100660004C5123EA4C5350EA013518BF52EA033586
:1006700041F4801143F4801338D0A0FB02CE4FF038
:100680000005E1FB02E506F00042E0FB03E54FF068
:100690000006E1FB03569CF0000F18BF4EF0010E60
:1006A000A4F1FF04B6F5007F64F5407404D25FEA5C
:1006B0004E0E6D4146EB060642EAC62141EA55510F
:1006C0004FEAC52040EA5E504FEACE2EB4F1FD0C51
:1006D00088BFBCF5E06F1ED8BEF1004F08BF5FEACF
:1006E000500E50F1000041EB045170BD06F0004681
:1006F00046EA010140EA020081EA0301B4EB5C042E
:10070000C2BFD4EB0C0541EA045170BD41F4801125
:100710004FF0000E013C00F3AB8014F1360FDEBF4A
:10072000002001F0004170BDC4F10004203C35DA26
:100730000C341BDC04F11404C4F1200500FA05F3A9
:1007400020FA04F001FA05F240EA020001F000424A
:1007500021F0004110EBD37021FA04F642EB0601C0
:100760005EEA430E08BF20EAD37070BDC4F10C04EA
:10077000C4F1200500FA04F320FA05F001FA04F2AE
:1007800040EA020001F0004110EBD37041F100019A
:100790005EEA430E08BF20EAD37070BDC4F12005A5
:1007A00000FA05F24EEA020E20FA04F301FA05F20D
:1007B00043EA020321FA04F001F0004121FA04F2B5
:1007C00020EA020000EBD3705EEA430E08BF20EA85
:1007D000D37070BD94F0000F0FD101F000464000BF
:1007E00041EB010111F4801F08BF013CF7D041EA41
:1007F000060195F0000F18BF704703F00046520045
:1008000043EB030313F4801F08BF013DF7D043EA15
:100810000603704794EA0C0F0CEA135518BF95EACB
:100820000C0F0CD050EA410618BF52EA4306D1D152
:1008300081EA030101F000414FF0000070BD50EA71
:10084000410606BF1046194652EA430619D094EAFB
:100850000C0F02D150EA013613D195EA0C0F05D1E5
:1008600052EA03361CBF104619460AD181EA030139
:1008700001F0004141F0FE4141F470014FF00000F1
:1008800070BD41F0FE4141F4780170BD70B54FF08C
:10089000FF0C4CF4E06C1CEA11541DBF1CEA13550C
:1008A00094EA0C0F95EA0C0F00F0A7F8A4EB0504EE
:1008B00081EA030E52EA03354FEA013100F08880E5
:1008C0004FEA03334FF0805545EA131343EA1263AE
:1008D0004FEA022245EA111545EA10654FEA002663
:1008E0000EF000419D4208BF964244F1FD0404F51C
:1008F000407402D25B084FEA3202B61A65EB030578
:100900005B084FEA32024FF480104FF4002CB6EB34
:10091000020E75EB030E22BFB61A754640EA0C00B4
:100920005B084FEA3202B6EB020E75EB030E22BFF4
:10093000B61A754640EA5C005B084FEA3202B6EB35
:10094000020E75EB030E22BFB61A754640EA9C00F4
:100950005B084FEA3202B6EB020E75EB030E22BFC4
:10096000B61A754640EADC0055EA060E18D04FEA82
:10097000051545EA16754FEA06164FEAC30343EA22
:1009800052734FEAC2025FEA1C1CC0D111F4801FEF
:100990000BD141EA00014FF000004FF0004CB6E7E8
:1009A00011F4801F04BF01430020B4F1FD0C88BF87
:1009B000BCF5E06F3FF6AFAEB5EB030C04BFB6EB92
:1009C000020C5FEA500C50F1000041EB045170BD85
:1009D0000EF0004E4EEA113114EB5C04C2BFD4EBB2
:1009E0000C0541EA045170BD41F480114FF0000E36
:1009F000013C90E645EA060E8DE60CEA135594EAB2
:100A00000C0F08BF95EA0C0F3FF43BAF94EA0C0FB4
:100A10000AD150EA01347FF434AF95EA0C0F7FF429
:100A200025AF104619462CE795EA0C0F06D152EA7D
:100A300003353FF4FDAE1046194622E750EA410661
:100A400018BF52EA43067FF4C5AE50EA41047FF472
:100A50000DAF52EA43057FF4EBAE12E74FF0FF3CD7
:100A600006E000BF4FF0010C02E000BF4FF0010CA8
:100A70004DF804CD4FEA410C7FEA6C5C4FEA430C21
:100A800018BF7FEA6C5C1BD001B050EA410C0CBF70
:100A900052EA430C91EA030F02BF90EA020F0020D2
:100AA000704710F1000F91EA030F58BF994208BF39
:100AB00090422CBFD8176FEAE37040F001007047F6
:100AC0004FEA410C7FEA6C5C02D150EA013C07D14D
:100AD0004FEA430C7FEA6C5CD6D152EA033CD3D098
:100AE0005DF8040B704700BF8446104662468C4692
:100AF0001946634600E000BF01B5FFF7B7FF0028C5
:100B000048BF10F1000F01BD4DF808EDFFF7F4FFED
:100B10000CBF012000205DF808FB00BF4DF808ED78
:100B2000FFF7EAFF34BF012000205DF808FB00BF9B
:100B30004DF808EDFFF7E0FF94BF012000205DF8BD
:100B400008FB00BF4DF808EDFFF7CEFF94BF012072
:100B500000205DF808FB00BF4DF808EDFFF7C4FF6B
:100B600034BF012000205DF808FB00BF4FEA4102BE
:100B700012F5001215D211D56FF47873B3EB6252EF
:100B800012D94FEAC12343F0004343EA505311F016
:100B9000004F23FA02F018BF404270474FF00000A8
:100BA000704750EA013005D111F0004008BF6FF0E6
:100BB000004070474FF00000704700BF4A0011D25C
:100BC00012F5001211D20DD56FF47873B3EB6252A7
:100BD0000ED44FEAC12343F0004343EA505323FAB3
:100BE00002F070474FF00000704750EA013002D128
:100BF0004FF0FF3070474FF00000704780B485B071
:100C000000AFF8607A601A460B467B8113463B8141
:100C10000D4AFB6813600C4A7B8993800B4A7B6802
:100C200013600A4A3B899380094ABB691360084AEA
:100C3000BB8B9380074A3B6A136000BF1437BD46E5
:100C40005DF8047B704700BF542A00205C2A002016
:100C5000642A0020502A002080B485B000AFF860DC
:100C60007A601A460B467B8113463B810B4AFB6830
:100C700013600A4A7B899380094A7B681360084A9B
:100C80003B899380074ABB691360064ABB8B9380FC
:100C900000BF1437BD465DF8047B70477C2A0020F6
:100CA0006C2A0020742A002080B582B000AF00F0CA
:100CB0000FFB454B1B685B68002B03D0424B1B6846
:100CC0005B689847404B1B689B68002B65D03F4B87
:100CD0001B781A463E4B1B7803339A4205DD3C4B8A
:100CE0001B780133DAB23A4B1A70384B1A78384B0A
:100CF0001B789A4205D2364B1B78013BDAB2344B53
:100D00001A7000237B6017E02F4B1B6899687A6884
:100D100013465B0013449B000B4498687B689BB2AE
:100D20002B4A12789B1A9AB22A4B1B78002100F0AA
:100D3000A7FB7B6801337B60234B1B681B7B1A4638
:100D40007B689342E0DB214B1B781A46204B1B78D3
:100D5000D31A01339BB21A461201D31A9BB2063B37
:100D60009BB203221946062000F022FC184B1B7888
:100D7000002B04D003220021032000F0A9FB124B1A
:100D80001B681B7B1A46124B1B78D31A042B04DDFD
:100D900003223F21032000F0D3FB0B4B18680A4BC2
:100DA0001B689A68094B1B7819460B465B000B447D
:100DB0009B001344194600F0C7FE00F093FA00BFF1
:100DC0000837BD4680BD00BF442A00203C2A0020D1
:100DD0003E2A00200008002080B582B000AF034604
:100DE000FB80304B9B88FA889A4201D100F032F99F
:100DF0002D4B9B88FA889A424FD12B4B1B682A4A6D
:100E000092881146184603F0D5F90346012B1CD1F0
:100E1000264B1B68254A92881146184603F0CAF9EA
:100E200003461A46224B1A70214B1B78002B0CD11B
:100E3000204B1B78012B08D11F4B1B78012B01D1B4
:100E400000F080F81C4B01221A70174B1B68164AE1
:100E500092881146184603F0ADF90346002B1CD1C9
:100E6000124B1B68114A92881146184603F0A2F9EA
:100E700003461A460F4B1A700D4B1B78012B0CD1F1
:100E80000C4B1B78002B08D10B4B1B78002B01D18E
:100E900000F014F8084B00221A7000BF0837BD4656
:100EA00080BD00BF7C2A00206C2A0020742A00200C
:100EB000402A0020412A0020422A002080B500AFAD
:100EC0001C4B01221A701C4B1B78002B09D01B4BAA
:100ED0001B78002B05D1184B1B78013BDAB2164B5F
:100EE0001A70164B1B78002B10D0154B1868144B3A
:100EF0001B689A68104B1B7819460B465B000B4425
:100F00009B001344194601F003FE0FE00C4B1868D8
:100F10000B4B1B689A68084B1B7819460B465B0005
:100F20000B449B001344194600F019FEFFF7BCFE6A
:100F300000BF80BD3D2A00203C2A00203F2A00201F
:100F4000442A002080B582B000AF214B00221A70E5
:100F5000204B1B681B7BFB71FB79013B1E4A1278FF
:100F6000934209DD1D4B1B78002B05D11A4B1B78D2
:100F70000133DAB2184B1A70184B1B78002B10D0C3
:100F8000144B1868134B1B689A68134B1B7819464F
:100F90000B465B000B449B001344194601F0B8FD5F
:100FA0000FE00C4B18680B4B1B689A680A4B1B78B8
:100FB00019460B465B000B449B001344194600F096
:100FC000CEFDFFF771FE00BF0837BD4680BD00BFF4
:100FD0003D2A0020442A00203C2A00203F2A0020ED
:100FE00080B582B000AF0346FB71174AFB791370DE
:100FF000164B1B78002B10D0154B1868144B1B6830
:101000009A68114B1B7819460B465B000B449B00FA
:101010001344194601F07CFD0FE00D4B18680C4B92
:101020001B689A68084B1B7819460B465B000B44FB
:101030009B001344194600F092FDFFF735FE00BFF8
:101040000837BD4680BD00BF3C2A00203F2A002053
:10105000442A002080B582B000AF154B1B689B6806
:10106000002B21D0124B1B689A68124B1B78194633
:101070000B465B000B449B0013447B607B685B6802
:10108000002B08D07B685B68094A126879681046B3
:101090009847FFF709FE7B681B78002B04D07B681C
:1010A0001B78184600F082F800BF0837BD4680BDA7
:1010B000442A00203C2A002080B588B004AFF860A4
:1010C0007A601A460B467B8113463B813A897989BF
:1010D0003B6A0293BB8B0193BB69009313467A680A
:1010E000F868FFF78BFD00F06BFD40214FF4807036
:1010F00000F036FE054801F07BF900F0E9F800F059
:10110000F1F800BF1037BD4680BD00BF0485000860
:1011100080B483B000AF78600B46FB70054A7B68F3
:101120001360054AFB78137000BF0C37BD465DF8AD
:10113000047B7047482A00204C2A002080B584B0E8
:1011400002AF78603960164801F052F90523009328
:101150001A234E227968134801F0F2F9052300930F
:1011600030234E2239680F4801F0EAF940230093FA
:101170004023012203210C4800F052FA0A23009375
:101180003F23FF220021002000F0D8F800F0AAF849
:101190004FF4FA6002F05AFD00BF0837BD4680BD2B
:1011A000048500083C0A00200000002080B584B0BF
:1011B00000AF0346FB710023FB601BE0134B1A6872
:1011C000FB681B0113441B78FA799A420FD1104B2C
:1011D00000221A700F4B00221A700C4B1A68FB6821
:1011E0001B0113440C4A1360FFF75EFD09E0FB6826
:1011F0000133FB60094B1B781A46FB689342DDDB29
:1012000000BF00BF1037BD4680BD00BF482A002088
:101210003C2A00203E2A0020442A00204C2A00209C
:1012200080B400AF034B1B781846BD465DF8047BC5
:10123000704700BF3D2A002080B400AF034B1B78ED
:101240001846BD465DF8047B704700BF3C2A00206D
:1012500080B400AF054B01221A70054B03221A70AF
:1012600000BFBD465DF8047B704700BF3F2A0020E9
:101270000008002080B400AF054B00221A70054B17
:101280000A221A7000BFBD465DF8047B704700BF9C
:101290003F2A00200008002080B500AF054B1B78D6
:1012A000002B02D0FFF7E6FF01E0FFF7D1FF00BF00
:1012B00080BD00BF3F2A002080B400AF034B1B68F5
:1012C0001846BD465DF8047B704700BF442A0020E5
:1012D00080B500AF0021024800F05AFD00BF80BD7C
:1012E0003C0A002080B500AF00220021024801F036
:1012F0005BF900BF80BD00BF3C0A002090B585B0FF
:1013000002AF0446084611461A462346FB800346B0
:10131000BB800B467B8013463B807888BA88F9886F
:101320003B7E01933B8800930346034800F04EFE4A
:1013300000BF0C37BD4690BD3C0A002090B585B07B
:1013400002AF0446084611461A462346FB80034670
:10135000BB800B467B8013463B807888BA88F9882F
:101360003B7E01933B8800930346034800F0D8FE80
:1013700000BF0C37BD4690BD3C0A002090B585B03B
:1013800002AF0446084611461A462346FB80034630
:10139000BB800B467B8013467B707888BA88F988BF
:1013A0007B7800930346034800F0EFFE00BF0C3744
:1013B000BD4690BD3C0A002090B585B000AF044604
:1013C000084611461A462346FB800346BB800B465F
:1013D0007B8013467B707B885B42FB6028E07B88C8
:1013E0005B42BB601DE0FB6803FB03F2BB6803FBD1
:1013F00003F31A447B88798801FB03F39A420DDAE0
:10140000FB689AB2FB88134499B2BB689AB2BB8856
:1014100013449AB27B780B4800F0EAFCBB680133B6
:10142000BB607B88BA689A42DDDBFB680133FB60F6
:101430007B88FA689A42D2DB00BF00BF1437BD46F2
:1014400090BD00BF3C0A002080B586B002AFF860B6
:10145000084611461A4603467B810B463B811346DC
:10146000FB7139897A89FB7900930B46F968034847
:1014700001F066F800BF1037BD4680BD3C0A002071
:1014800080B584B000AFF860084611461A4603469E
:101490007B810B463B811346FB710C4800F0A8FF93
:1014A0007B891A461201D31A9BB20A3399B23B893F
:1014B0001A461201D31A9BB20E339AB2FB79F8681E
:1014C000FFF7C2FF00BF1037BD4680BD048500088E
:1014D00090B585B002AF0346FB800B46BB80134638
:1014E000FB70FB88023B98B2BB88053399B2FB883E
:1014F00002339AB2BB8805339CB2FB780093234633
:10150000FFF7FCFEFB88023398B2BB88053399B223
:10151000BC88FA88FB7800932346FFF7EFFEFB8830
:10152000023B98B2BB88053399B2BC88FA88FB7835
:1015300000932346FFF7E2FE00BF0C37BD4690BD87
:1015400090B585B002AF0346FB800B46BB801346C7
:10155000FB70FB88023B98B2BB88053B99B2FB88C5
:1015600002339AB2BB88053B9CB2FB7800932346BA
:10157000FFF7C4FEFB88023398B2BB88053B99B2E3
:10158000BC88FA88FB7800932346FFF7B7FEFB88F8
:10159000023B98B2BB88053B99B2BC88FA88FB78BD
:1015A00000932346FFF7AAFE00BF0C37BD4690BD4F
:1015B00090B585B002AF0346FB800B46BB80134657
:1015C000FB70FB88053B98B2BB88023399B2FB885D
:1015D000053B9AB2BB88023B9CB2FB780093234642
:1015E000FFF78CFEFB88053B98B2BB88023399B2AB
:1015F000BC88FA88FB7800932346FFF77FFEFB88C0
:10160000053B98B2BB88023B99B2BC88FA88FB784C
:1016100000932346FFF772FE00BF0C37BD4690BD16
:1016200080B586B002AFF860084611461A460346F8
:101630007B810B463B811346FB8039897A893B8B42
:101640000193FB8800930B46F968034800F07BFE8A
:1016500000BF1037BD4680BD3C0A002090B587B062
:1016600002AF0446084611461A462346FB7103465C
:10167000BB800B467B801346BB71BB88DBB21A462E
:101680001201D31ADBB20A33FB737B880133DBB25E
:101690001A461201D31ADBB20B3BBB73FB7B98B229
:1016A000BB7B99B2FB7B9BB20A339AB2BB7B9BB2EA
:1016B0000A339CB2BB7900932346FFF73FFEFB79C8
:1016C000002B0CD0FB7B9BB2053398B2BB7B9BB24B
:1016D000053399B2BB790422FFF76EFE0BE0FB7B6A
:1016E0009BB2053398B2BB7B9BB2053399B2BB79F1
:1016F0000422FFF743FE00BF1437BD4690BDF0B58E
:1017000091B002AFF860084611461A4603467B8145
:101710000B463B811346FB807B89DBB21A461201E4
:10172000D31ADBB20A3387F827303B890133DBB2A7
:101730001A461201D31ADBB20B3B87F82630FA881F
:101740007B891344013BDBB21A461201D31ADBB288
:10175000143387F82530B7F850203B891344DBB2A7
:101760001A461201D31ADBB2013B87F8243097F8EE
:10177000242097F82630D31A87F8233097F82520AD
:1017800097F82730D31A87F82230FB68D3E9020193
:10179000FB68D3E90423FFF7C1F90346002B36D0D9
:1017A00097F8273098B297F8263099B297F82530F5
:1017B0009AB297F824309CB297F85430009323469D
:1017C000FFF7BCFD97F8273098B297F8263099B20A
:1017D00097F825309AB297F824309CB297F8543095
:1017E00000932346FFF78AFD97F8273098B297F8C1
:1017F000243099B297F825309AB297F826309CB2E7
:1018000097F8543000932346FFF778FD99E14FF0A5
:1018100000024FF00003C7E90C23FB68D3E9020183
:101820004FF000024FF00003FFF782F90346002B50
:1018300012D0FB68D3E9042310461946FFF796F946
:101840000346002BB8BF5B421846FEF78BFE0246EC
:101850000B46C7E90C231EE0FB68D3E902231046C0
:101860001946FFF783F9034683EAE374A4EBE374B4
:10187000FB68D3E9042310461946FFF777F90346BE
:10188000002BB8BF5B4223441846FEF76BFE0246AE
:101890000B46C7E90C23002387F82F30FB68D3E9F8
:1018A00004014FF000024FF00003FFF737F9034641
:1018B000002B29D097F823301846FEF753FED7E9BE
:1018C0000C23FEF7E3FF02460B4614461D46FB6859
:1018D000D3E9042310461946FFF748F90346002BC5
:1018E000B8BF5B421846FEF73DFE02460B46204657
:1018F0002946FEF7A1FE02460B4610461946FFF7A1
:101900005DF9034687F82F3097F8273098B297F89B
:1019100026309BB2023B9BB297F854201946FFF742
:10192000D7FD97F8273098B297F826309BB203334B
:1019300099B297F827309AB297F824309CB297F86A
:10194000543000932346FFF7D9FC97F825309BB21B
:10195000023398B297F824309AB297F82F309BB29E
:10196000D31A9BB297F854201946FFF721FE97F837
:10197000273098B297F824309AB297F82F309BB25C
:10198000D31A99B297F825309BB2033B9CB297F8D3
:1019900024309AB297F82F309BB2D31A9AB297F8A4
:1019A0005430009313462246FFF7A8FC0023BB6285
:1019B000BBE0FB681A68BB6ADB001344D3E9000193
:1019C000FB68D3E90223FFF7C7F80346002B40F07A
:1019D000A680FB681A68BB6ADB001344D3E90001E8
:1019E000FB68D3E90423FFF799F80346002B40F086
:1019F0009680FB681A68BB6A0133DB001344D3E9A5
:101A00000001FB68D3E90223FFF7A6F80346002B89
:101A100040F08780FB681A68BB6A0133DB0013441F
:101A2000D3E90001FB68D3E90423FFF777F8034605
:101A3000002B76D197F823301846FEF793FDD7E9AF
:101A40000C23FEF723FF02460B4610461946FB689F
:101A50001A68BB6ADB001344D3E90023FEF7ECFDF0
:101A600002460B46C7E9062397F823301846FEF7CF
:101A700079FDD7E90C23FEF709FF02460B46104615
:101A80001946FB681A68BB6A0133DB001344D3E9CB
:101A90000023FEF7D1FD02460B46C7E9042397F861
:101AA00027309AB2BB6A9BB213449CB297F82420A9
:101AB00097F82F30D31A1846FEF754FDD7E90623BE
:101AC000FEF702FC02460B4610461946FFF776F871
:101AD00003469DB297F827309AB2BB6A9BB2134473
:101AE0009BB201339EB297F8242097F82F30D31A77
:101AF0001846FEF737FDD7E90423FEF7E5FB02465B
:101B00000B4610461946FFF759F803469BB20322CD
:101B10000092324629462046FFF7F0FB02E000BF64
:101B200000E000BFBB6A0133BB62FB689B88013BDE
:101B3000BA6A9A4205DA97F82230BA6A9A42FFF6F0
:101B400038AF3C37BD46F0BD80B483B000AF78609D
:101B5000396000BF0C37BD465DF8047B704780B428
:101B600083B000AF7860396000BF0C37BD465DF8C8
:101B7000047B704780B582B000AF0346FB7100F074
:101B800031FD00F04BFDFB79184600F07FFD00F0C1
:101B900037FD00BF0837BD4680BD80B582B000AFBD
:101BA0000346FB7100F01EFD00F046FDFB79184670
:101BB00000F06CFD00F024FD00BF0837BD4680BD7D
:101BC00080B500AF00F046FD012000F085FD00F07B
:101BD0004FFD322000F080FDFD20FFF7CBFF1220EB
:101BE000FFF7DBFFAE20FFF7C5FFB320FFF7C2FF13
:101BF0009120FFF7D2FFCA20FFF7BCFF3F20FFF77D
:101C0000CCFFA220FFF7B6FF0020FFF7C6FFA12000
:101C1000FFF7B0FF0020FFF7C0FFA020FFF7AAFFEB
:101C20001420FFF7BAFF1120FFF7B7FFB520FFF729
:101C3000A1FF0020FFF7B1FFAB20FFF79BFF0120C2
:101C4000FFF7ABFFB420FFF795FFA020FFF7A5FF3C
:101C5000FD20FFF7A2FFC120FFF78CFFFF20FFF759
:101C60009CFFC720FFF786FF0F20FFF796FFB920E4
:101C7000FFF780FFB120FFF77DFFE220FFF78DFF28
:101C8000D120FFF777FF8220FFF787FF2020FFF7A3
:101C900084FFBB20FFF76EFF1F20FFF77EFFB620FB
:101CA000FFF768FF0820FFF778FFBE20FFF762FF0D
:101CB0000720FFF772FFA620FFF75CFFA920FFF7C0
:101CC00059FF0A2000F008FDAF20FFF753FF322034
:101CD00000F002FD00BF80BD90B583B000AF0446A8
:101CE000084611461A462346FB710346BB710B4654
:101CF0007B7113463B711520FFF73CFFFB791C33CA
:101D0000DBB21846FFF749FFBB791C33DBB218463C
:101D1000FFF743FF7520FFF72DFF7B791846FFF78C
:101D20003CFF3B791846FFF738FF00BF0C37BD4634
:101D300090BD80B582B000AF786039605C20FFF75D
:101D400019FF00F04FFC00F077FC3968786800F06C
:101D5000AFFC00F055FC00BF0837BD4680BD000059
:101D600080B483B000AF03460A46FB801346BB80B5
:101D7000054AFB881380054ABB88138000BF0C37D7
:101D8000BD465DF8047B704704080020020800206F
:101D900080B485B000AF78600B46FB7097F90330D4
:101DA0001B015AB297F9033013435BB2FB720E4B1F
:101DB0001B881A460D4B1B8802FB03F3DA0F1344F2
:101DC0005B10FB6004E07B685A1C7A60FA7A1A7038
:101DD000FB685A1EFA60002BF5D100BF00BF143714
:101DE000BD465DF8047B704702080020040800200F
:101DF00080B485B000AFF860084611461A46034625
:101E00007B810B463B811346FB71364B1B887A89DD
:101E10009A4260D2344B1B883A899A425BD23B8902
:101E2000304A128803FB02F27B891344002B03F033
:101E30000103B8BF5B42012B25D13B89294A128897
:101E400003FB02F27B891344DA0F13445B101A463A
:101E5000FB6813441B785BB223F00F035AB297F967
:101E60000730134359B23B891E4A128803FB02F222
:101E70007B891344DA0F13445B101A46FB68134442
:101E8000CAB21A7028E03B89164A128803FB02F294
:101E90007B891344DA0F13445B101A46FB68134422
:101EA0001B785BB203F00F035AB297F907301B019E
:101EB0005BB2134359B23B890A4A128803FB02F210
:101EC0007B891344DA0F13445B101A46FB681344F2
:101ED000CAB21A7000E000BF1437BD465DF8047B3B
:101EE000704700BF040800200208002080B586B0BB
:101EF00000AFF860084611461A4603467B810B4640
:101F00003B811346FB803A89FB889A4211D23B8978
:101F1000FB8209E097F82030FA8A7989F868FFF7A0
:101F200067FFFB8A0133FB82FA8AFB889A42F1D968
:101F300010E0FB88BB8209E097F82030BA8A7989E3
:101F4000F868FFF755FFBB8A0133BB82BA8A3B8929
:101F50009A42F1D900BF1837BD4680BD80B586B022
:101F600000AFF860084611461A4603467B810B46CF
:101F70003B811346FB803A89FB889A4211D23B8908
:101F8000FB8209E097F820307A89F98AF868FFF730
:101F90002FFFFB8A0133FB82FA8AFB889A42F1D930
:101FA00010E0FB88BB8209E097F820307A89B98A73
:101FB000F868FFF71DFFBB8A0133BB82BA8A3B89F1
:101FC0009A42F1D900BF1837BD4680BD80B58AB0AE
:101FD00002AFF860084611461A4603467B810B465D
:101FE0003B811346FB807A89FB889A4209D1388D60
:101FF0003A89798997F82C3000930346F868FFF7FF
:1020000075FF3A893B8D9A4209D1F8887A893989D6
:1020100097F82C3000930346F868FFF79FFF3A8D3E
:102020003B89D31A83EAE372A2EBE372F9887B89D6
:10203000CB1A002BB8BF5B429A42CCBF01230023CE
:10204000DBB27B83B7F91A30012B0BD13B893B8381
:102050007B893B813B8B7B813B8D3B83FB883B8535
:102060003B8BFB807A89FB889A420BD97B89FB8268
:10207000FB887B81FB8AFB803B89FB823B8D3B811C
:10208000FB8A3B85FA887B89D31A9BB2BB823A8D47
:102090003B89D31A002BB8BF5B427B82B7F914305F
:1020A000DA0F13445B10FB833A893B8D9A4202D2CC
:1020B0000123BB832BE04FF6FF73BB8327E0B7F907
:1020C0001A30002B07D097F82C307A893989F868B4
:1020D000FFF78EFE06E097F82C303A897989F86888
:1020E000FFF786FEFA8B7B8AD31A9BB2FB83B7F984
:1020F0001E30002B08DABA8B3B8913443B81FA8BE4
:10210000BB8A13449BB2FB837B8901337B817A8931
:10211000FB889A42D3D900BF00BF2037BD4680BD9F
:1021200080B586B002AFF860084611461A460346ED
:102130007B810B463B811346FB80388B3A8979893A
:102140003B7F00930346F868FFF7D0FE388B3A894F
:10215000F9883B7F00930346F868FFF7C7FEF888CD
:102160007A8939893B7F00930346F868FFF7F6FECA
:10217000F8887A89398B3B7F00930346F868FFF72C
:10218000EDFE00BF1037BD4680BD80B588B000AF02
:10219000F860084611461A4603467B810B463B8190
:1021A0001346FB80FB88C3F101039BB2FB83012331
:1021B000BB83FB881A46D203D31A5B009BB27B8396
:1021C00000233B83FB88FB823A89FB8813449AB245
:1021D00097F828307989F868FFF70AFE3A89FB8872
:1021E000D31A9AB297F828307989F868FFF700FE79
:1021F0007A89FB88134499B297F828303A89F868AD
:10220000FFF7F6FD7A89FB88D31A99B297F8283040
:102210003A89F868FFF7ECFD89E0B7F91E30002B2A
:102220000EDBB7F916309BB2013B9BB2FB827B8B76
:1022300002339BB27B83FA8B7B8B13449BB2FB8371
:10224000B7F918309BB201339BB23B83BB8B02338F
:102250009BB2BB83FA8BBB8B13449BB2FB833A8B41
:102260007B89134499B2FA8A3B8913449AB297F84E
:102270002830F868FFF7BCFD3B8B7A89D31A99B2F6
:10228000FA8A3B8913449AB297F82830F868FFF726
:10229000AFFD3A8B7B89134499B2FB8A3A89D31AF2
:1022A0009AB297F82830F868FFF7A2FD3B8B7A893D
:1022B000D31A99B2FB8A3A89D31A9AB297F828307E
:1022C000F868FFF795FDFA8A7B89134499B23A8B37
:1022D0003B8913449AB297F82830F868FFF788FDD5
:1022E000FB8A7A89D31A99B23A8B3B8913449AB202
:1022F00097F82830F868FFF77BFDFA8A7B8913444A
:1023000099B23B8B3A89D31A9AB297F82830F86879
:10231000FFF76EFDFB8A7A89D31A99B23B8B3A8913
:10232000D31A9AB297F82830F868FFF761FDB7F929
:102330001820B7F916309A42FFF66FAF00BF00BF02
:102340002037BD4680BD80B588B000AFF860B96069
:1023500011461A460B46FB801346BB800023FB83C5
:102360000023BB830023FB75BB887B8334E0FB88A1
:102370003B8328E0BB8BDBB203F00103FB75FB7DE5
:10238000002B0ED1FB8BBA6813441B781B09DBB200
:102390007A8B398BF868FFF72BFDBB8B0133BB833E
:1023A0000EE0FB8BBA6813441B787A8B398BF86884
:1023B000FFF71EFDBB8B0133BB83FB8B0133FB831C
:1023C0003B8B01333B833A8BF9883B8D0B449A421C
:1023D000D0DB7B8B01337B837A8BB988BB8D0B443D
:1023E0009A42C4DB00BF00BF2037BD4680BD00005D
:1023F00080B483B000AF7860044A7B68136000BF8C
:102400000C37BD465DF8047B704700BF842A00206E
:1024100080B58AB000AFF860084611461A460346F8
:10242000FB720B463B811346FB80444B1B68002B21
:102430007FD0424B1B681B89DBB2FA7AD31AFB723E
:102440003E4B1B685A68FB7ADB001344FB613B4B35
:102450001B681B68BB61FB691B88FB84FB699B785D
:10246000FB75FB69DB78BB75FB695B797B75FB6989
:102470009B793B75002387F82530002387F82430AB
:10248000002387F82330002387F82230002387F8C1
:10249000233048E0002387F822303AE097F82530CF
:1024A0005A1C87F8252003F00703002B08D1FB8C6A
:1024B0005A1CFA841A46BB6913441B7887F82430E7
:1024C00097F92430002B1ADA97F915309AB23B8924
:1024D00013449AB297F822309BB2134499B297F9F9
:1024E00014309AB2FB8813449AB297F823309BB207
:1024F00013449AB297F83030F868FFF779FC97F8F0
:1025000024305B0087F8243097F82230013387F8B5
:10251000223097F82220FB7D9A42BFD397F82330D0
:10252000013387F8233097F82320BB7D9A42B1D33B
:1025300000E000BF2837BD4680BD00BF842A0020D0
:1025400080B586B002AFF860B96011461A460B46F6
:10255000FB801346BB801BE0BB681978B888FA88FB
:102560003B7E00930346F868FFF752FF0D4B1B6854
:102570005A68BB681B7803F10053203BDB0013440F
:102580001B791A46FB881344FB80BB680133BB6090
:10259000BB681B78002BDFD100BF00BF1037BD46E2
:1025A00080BD00BF842A002080B582B000AF786073
:1025B0000B467B8013463B807F2300223F21002077
:1025C000FFF78AFB3B88DB011A467B8813447A6855
:1025D00013444FF400511846FFF7ABFB00BF083718
:1025E000BD4680BD80B500AF044B1B68034A91888F
:1025F0000022184601F0F6FD00BF80BD542A0020DD
:1026000080B500AF044B1B68034A9188012218462D
:1026100001F0E8FD00BF80BD542A002080B500AF66
:10262000044B1B68034A91880022184601F0DAFD2A
:1026300000BF80BD5C2A002080B500AF044B1B6842
:10264000034A91880122184601F0CCFD00BF80BDED
:102650005C2A002080B500AF044B1B68034A9188B8
:102660000022184601F0BEFD00BF80BD642A002094
:1026700080B500AF044B1B68034A918801221846BD
:1026800001F0B0FD00BF80BD642A002080B582B09B
:1026900000AF0346FB71054B1868F91D0A230122A0
:1026A00003F0B1FC00BF0837BD4680BD502A0020B2
:1026B00080B582B000AF78603960064B18683B681F
:1026C0009AB26423796803F09EFC00BF0837BD46C8
:1026D00080BD00BF502A002080B582B000AF786076
:1026E000786801F0B3FA00BF0837BD4680BD80B4FA
:1026F00000AF00BFBD465DF8047B7047B0B58EB03B
:1027000002AF594BD3E900014FF00002574BFEF7DF
:10271000BDF802460B4610461946FEF727FA034657
:10272000FB62514BD3E90045F86AFDF71BFF4FF000
:1027300000024E4BFDF780FF02460B46204629461D
:10274000FDF7C2FD02460B4610461946FEF70EFA8B
:102750000346BB62FB6A002B01DA0023FB62BB6A03
:10276000002B01DA0023BB62BB6A632B05DD3B460D
:10277000BA6A3F49184604F09BFEBB6A632B06DC2D
:102780003B46BA6A3B49184604F092FE11E0BB6A28
:10279000092B06DC3B46BA6A3749184604F088FE26
:1027A00007E0BB6A002B04DC3B463449184604F0C2
:1027B0007FFE3B4607F11000FA6A314904F078FECB
:1027C00007F11000052300220821FEF759FE2D4BCA
:1027D0001B785A1CD1B22B4A11702B4AA2FB031250
:1027E0005209642101FB02F29B1ADBB21C46F86A13
:1027F000FDF7B8FE02460B462448E1000144C1E95A
:102800000023234B1B78002B06D105230022052132
:102810002048FEF735FE18E01F4B1B8819461F4B5A
:102820001B881F4A82FB03025211DB179B1ACA182E
:1028300007F110031B49184604F03AFE07F1100097
:10284000052300220521FEF71BFE05230193032328
:1028500000930823012205211348FEF750FF00BF13
:102860003037BD46B0BD00BFB82E002000408F40BD
:10287000E07E0008E47E0008E87E0008F07E0008A4
:10288000F47E0008B02E00201F85EB51902B002015
:10289000B12E0020007F0008060800208C2B0020AD
:1028A000D34D6210087F00081008002080B584B066
:1028B00000AF1E4B1B881A463B461D49184604F0C4
:1028C000F7FD3846052300220821FEF7D9FD194BF4
:1028D0001B881A463B461849184604F0E9FD38465D
:1028E000052301220821FEF7CBFD144B1B881A4655
:1028F0003B461349184604F0DBFD38460523022207
:102900000821FEF7BDFD0F4B1B881A463B460E49BA
:10291000184604F0CDFD3846052303220821FEF7B2
:10292000AFFD00BF1037BD4680BD00BF06080020C8
:10293000107F000808080020187F00080A080020FF
:10294000207F00080C080020287F000880B584B094
:1029500000AF4FF48061344801F02CFC0346002B9B
:102960000CBF01230023DBB21846052300220821F7
:10297000FEF774FE0523002209212C48FEF780FD96
:102980004FF48061284801F015FC034618460523E2
:1029900000220B21FEF762FE052300220C212448B1
:1029A000FEF76EFD4FF48061224801F003FC034600
:1029B000002B0CBF01230023DBB2184605230222A3
:1029C0000721FEF74BFE1C4B5A683B461B49184635
:1029D00004F06EFD3846052301220821FEF750FD64
:1029E000174B5A683B461549184604F061FD3846B6
:1029F000052302220821FEF743FD4FF480514FF0DA
:102A0000904001F0D7FB0346184605230322082116
:102A1000FEF724FE0523032209210A48FEF730FDB4
:102A200000BF1037BD4680BD00080048307F000859
:102A3000347F0008000400482C080020E07E0008D5
:102A400044080020387F000880B400AF044B42F2F5
:102A500010725A6000BFBD465DF8047B704700BF2E
:102A60004408002080B582B000AF786039604FF430
:102A70008061034801F0CEFB00BF0837BD4680BD32
:102A80000008004880B582B000AF786039604FF42C
:102A900080514FF0904001F0BDFB00BF0837BD46AC
:102AA00080BD000080B483B000AF786039600E4B09
:102AB0001B78002B0CBF01230023DBB21A460A4B04
:102AC0001A70094B1B78002B07D0084B02221A7092
:102AD000074B5B68DAB2074B1A7000BF0C37BD4674
:102AE0005DF8047B704700BFB12E0020CA2E002085
:102AF0002C080020CB2E002080B582B000AF78607B
:102B00003960FEF7C9FB00BF0837BD4680BD000035
:102B100080B582B000AF786039607B681B78022B8B
:102B200054D1FEF789FB0346032B4FD801A252F87C
:102B300023F000BF452B0008672B0008892B0008F5
:102B4000AB2B0008FEF76CFB0346002B04D04A4B6E
:102B50001B8801339BB203E0474B1B88013B9BB2B0
:102B6000454A138032E0FEF75BFB0346002B04D09E
:102B7000424B1B8801339BB203E0404B1B88013B57
:102B80009BB23E4A138021E0FEF74AFB0346002B2E
:102B900004D03B4B1B8805339BB203E0384B1B88AA
:102BA000053B9BB2364A138010E0FEF739FB034623
:102BB000002B04D0334B1B8801339BB203E0314B15
:102BC0001B88013B9BB22F4A138000BF7B681B7898
:102BD000032B29D1FEF730FB0346022B0FD1FEF762
:102BE0001FFB0346002B05D0274B5B686433264A46
:102BF000536004E0244B5B68643B234A5360FEF758
:102C00001BFB0346032B0FD1FEF70AFB0346002BE9
:102C100005D01E4B5B6864331C4A536004E01B4BB9
:102C20005B68643B194A53607B681B78012B1ED19B
:102C3000FEF702FB0346012B19D1FEF7F1FA03461A
:102C4000002B0AD0124B1B78FF2B10D0104B1B7897
:102C50000F33DAB20E4B1A7009E00D4B1B78002BC4
:102C600005D00B4B1B780F3BDAB2094B1A7000BF33
:102C70000837BD4680BD00BF0608002008080020B8
:102C80000A0800200C0800202C080020440800201E
:102C90002808002080B582B000AF78607B681A6891
:102CA0007B685B689A424DD07B681A687B685B687A
:102CB0009A421FDA7B6898687B689B8900221946D4
:102CC00001F090FA7B681B685A1C7B681A604FF40D
:102CD00080611E4801F06EFA0346002B20D17B680C
:102CE0001B4A93421CD11A4B00221A60184B002237
:102CF0005A6015E07B68164A934204D17B681B68D2
:102D000013F5166F1DDD7B6898687B689B8901222F
:102D1000194601F067FA7B681B685A1E7B681A60C7
:102D20007B6818697B689B8A0122194601F05AFA70
:102D30007B6818697B689B8A0022194601F052FA69
:102D400000E000BF0837BD4680BD00BF000400485A
:102D50004408002080B582B000AF78607B682A4AC2
:102D600093424DD1294B1B8801339AB2274B1A80CD
:102D7000274B1B78092B05D1264B1B8801339AB2B0
:102D8000244B1A80244B1B8801339AB2224B1A80A1
:102D9000214B1B887C2B19D9FEF78EFA03461B7832
:102DA000002B13D04FF480514FF0904001F002FA05
:102DB0000346002B07D000F0CFF8154B1B78062BED
:102DC00001D1FDF771FF144B00221A80134B1B78C1
:102DD000002B0FD00E4B1B78062B0BD1104B1B88F2
:102DE00001339AB20E4B1A800E4B1B8801339AB2F4
:102DF0000C4B1A800C48FFF74DFF0C48FFF74AFFB9
:102E000000BF0837BD4680BD402B0020CE2E0020DD
:102E1000CA2E00205C080020CC2E0020B12E0020FD
:102E20008C2B00208E2B00202C0800204408002032
:102E300080B582B000AF0346FB800F4B9B88FA88B9
:102E40009A420BD10D4B1B880A2B07D9FB881846D9
:102E5000FDF7C2FF094B00221A8008E0064B9B8851
:102E6000FA889A4203D0FB881846FDF7B5FF00BFE9
:102E70000837BD4680BD00BF7C2A0020CE2E002032
:102E800080B58CB004AF2BA3D3E90023C7E9062398
:102E90002AA3D3E90023C7E904232AA3D3E9002303
:102EA000D7E90401FDF7F2FC02460B46C7E902230D
:102EB000D7E90623D7E90201FDF7BEFB02460B4620
:102EC00022A1D1E90001FDF7E1FC02460B461046C4
:102ED0001946FDF773FE0346FB80FB881B0A9BB275
:102EE000DBB23B71FB88DBB27B714FF0FF330293A7
:102EF000022301933B1D00930123052280210C48EE
:102F000001F056FA49F601733B804FF0FF3302930C
:102F1000022301933B4600930123002280210448B1
:102F200001F046FA00BF2037BD4680BDAFF30080F8
:102F3000882A00201F85EB51B81ED53F3333333329
:102F40003333D33F00000000C0FFDF40F168E38867
:102F5000B5F8A43F0000000080B58EB004AF4FF07C
:102F6000FF330293022301933B1D009301230422AC
:102F700080212D4801F030FB3B791BB21B021AB2B5
:102F80007B791BB21343FB843A79284B1A707A7908
:102F9000264B5A701EA3D3E90023C7E906231EA3BC
:102FA000D3E90023D7E90601FDF770FC02460B4682
:102FB000C7E90423B7F926301846FDF7D3FA0246CD
:102FC0000B46D7E90401FDF737FB02460B46C7E97C
:102FD000022313A3D3E90023D7E90201FDF72CFB59
:102FE00002460B461249C1E90023114BD3E9000107
:102FF0004FF000020F4BFDF749FC02460B460E490D
:10300000C1E9002300BF2837BD4680BDAFF3008073
:10301000333333333333D33F00000000C0FFDF408E
:103020000000000080842E41882A0020C82E002045
:10303000B82E002000408F40C02E0020000000006D
:103040002DE9B04386B004AF00F08FFD00F0F6F933
:1030500000F008FB00F072FA00F0AEFA00F02EFA71
:1030600001224021884801F0BDF8884803F0A6FA03
:10307000874B0293012301934FF090430093022367
:103080004FF0904210214FF09040FEF715F80421C8
:103090008048FEF73DF84FF4007301934FF09043E2
:1030A00000934FF480734FF0904280214FF0904096
:1030B000FDF7D2FD78497948FEF740F8FFF7E0FECA
:1030C0000120FEF773F8002240214FF0904001F0FC
:1030D00089F80120FDF784FFFFF7B6FC704B1B78E1
:1030E000002B00F08281FFF737FF6E4B1B78023B0D
:1030F000042B00F2648101A252F823F01131000880
:10310000AD310008CF3100085D320008CD32000833
:10311000654B00221A80654B00221A80644B654A79
:103120005A6000224FF48061574801F05BF8012299
:103130004FF480514FF0904001F054F85C4B1B6805
:1031400013F5166F04D15C4B5B6801335A4A536028
:103150005A4BD3E9000148A3D3E90023FDF7FCFC57
:103160000346002B00D150E100237B600CE0544A61
:103170007B68DB00D1184FF000024FF00003C1E97B
:1031800000237B6801337B607B68632BEFD9484B5E
:103190001B68474A536000224FF480514FF0904023
:1031A00001F020F83F4B03221A702EE1404B42F20F
:1031B00010725A604FF48061424800F0FBFF0346F2
:1031C000002B40F01D81374B04221A7018E10022B9
:1031D0004FF480612C4801F005F801224FF4805132
:1031E0004FF0904000F0FEFF314B324A5A60334BB3
:1031F000D3E9000120A3D3E90023FDF7ADFC03468A
:10320000002B00D101E100224FF480514FF090409B
:1032100000F0E8FF264B1B681846FDF7A3F90446AB
:103220000D46294B1B881846FDF78CF914A3D3E9EA
:103230000023FDF72BFB02460B4620462946FDF7EF
:1032400043F802460B4610461946FDF78FFC03462D
:10325000174A5360134B05221A70D6E0144B5A6874
:10326000134B1B689A4240F0CD800E4B06221A7019
:10327000C8E000BFAFF300809A9999999999D93F16
:103280007B14AE47E17A743F00080048402B0020D1
:10329000DC2A002080090020447F0008547F0008B9
:1032A000B12E0020CA2E00208C2B00208E2B002057
:1032B00044080020A0F6FFFF2C080020C02E0020AC
:1032C000902B0020000400480808002001224FF441
:1032D00080614E4800F086FF01224FF480514FF08C
:1032E000904000F07FFF4A4B1B885B001846FDF7BB
:1032F00039F904460D46474B1B881846FDF722F95D
:1033000080468946444B1B881846FDF72BF94FF041
:103310000002424BFDF790F902460B4640464946F3
:10332000FDF7B4FA02460B46904699463C4B1B8883
:103330001846FDF717F94FF00002384BFDF77CF9FE
:1033400002460B4640464946FDF776F902460B46D3
:1033500020462946FDF7F6FB0346002B0ED02C4BEA
:1033600000221A802F4B5B682A4A12882E49A1FB43
:103370000212920892B213442A4A53602B4B1B88C4
:103380005A00274B1B8819464FF47A7301FB03F34D
:103390009A4239DB00224FF480514FF0904000F008
:1033A00021FF00224FF48061184800F01BFF1D4BE5
:1033B00042F210725A601E4B00221A7024E0002262
:1033C0004FF480514FF0904000F00CFF00224FF47A
:1033D00080610E4800F006FF164B00221A80164B43
:1033E00000221A70FDF760FC0FE0114B1B78002BD8
:1033F0003FF474AE0E4B00221A70FFF725FB6DE60A
:1034000000BF6BE600BF69E600BF67E60008004842
:103410008E2B00200A0800200808002000408F4062
:103420000608002044080020CDCCCCCC8C2B0020FA
:10343000CA2E00205C080020B12E002080B594B078
:1034400000AF07F1180338220021184604F052F8A3
:103450003B1D00221A605A609A60DA601A614FF4CC
:10346000007001F02DFD0223BB614FF480737B627D
:103470004023BB6200237B6307F11803184601F069
:10348000D3FD0346002B01D000F0B2F90F237B607F
:103490000123BB600023FB6000233B6100237B61B1
:1034A0003B1D0021184602F0D1F80346002B01D045
:1034B00000F09EF900BF5037BD4680BD80B500AF1B
:1034C0001B4B1C4A1A601A4B1B4A5A60184B0022AD
:1034D0009A60174B0122DA60154B00221A61144BD7
:1034E00000225A61124B00229A61114B0022DA61CC
:1034F0000F4B00221A620E4800F0BEFE0346002B5E
:1035000001D000F075F90021094801F041FC0346A3
:10351000002B01D000F06CF90021054801F083FC7C
:103520000346002B01D000F063F900BF80BD00BF4F
:10353000882A002000540040583D500080B500AF5C
:103540001B4B1C4A1A601A4B4FF482725A60184B7C
:1035500000229A60164B4FF4E062DA60144B0222AC
:103560001A61134B01225A61114B4FF400729A6198
:103570000F4B1822DA610E4B00221A620C4B00220C
:103580005A620B4B00229A62094B0722DA62084BFF
:1035900000221A63064B00225A63054802F088FC99
:1035A0000346002B01D000F023F900BF80BD00BF0F
:1035B000DC2A00200038004080B58AB000AF07F157
:1035C0001C0300221A605A609A603B4600221A606F
:1035D0005A609A60DA601A615A619A61204B4FF022
:1035E00080421A601E4B00225A601D4B00229A60D6
:1035F0001B4B47F6FF42DA60194B00221A61184B49
:1036000000229A61164803F051F80346002B01D0BE
:1036100000F0EEF80023FB6100237B6207F11C033E
:1036200019460F4803F068FE0346002B01D000F056
:10363000DFF800233B6000237B600023BB60002396
:103640003B613B4600221946054803F0D5F9034685
:10365000002B01D000F0CCF800BF2837BD4680BD5C
:10366000402B002080B588B000AF07F10C0300228A
:103670001A605A609A60DA601A615A4BDB6C594AD8
:1036800043F00403D364574BDB6C03F00403BB60CB
:10369000BB68544BDB6C534A43F00103D364514B7A
:1036A000DB6C03F001037B607B684E4BDB6C4D4AA7
:1036B00043F00203D3644B4BDB6C03F002033B602B
:1036C0003B68002241F253014FF0904000F08AFD28
:1036D00000224FF48861444800F084FD00227821E4
:1036E000424800F07FFD4FF40053FB6000233B6134
:1036F00000237B6107F10C0319463B4800F0D8FB1F
:1037000041F25303FB6001233B6100237B610023F3
:10371000BB6107F10C0319464FF0904000F0C8FB65
:103720008023FB604FF404133B6100237B6107F1AE
:103730000C0319464FF0904000F0BAFB4FF4806341
:10374000FB6000233B6100237B6107F10C031946FA
:10375000264800F0ADFB4FF48863FB6001233B611A
:1037600000237B610023BB6107F10C0319461E484F
:1037700000F09EFB4FF48073FB604FF444133B61F9
:1037800000237B6107F10C0319464FF0904000F0D5
:103790008FFB4FF40073FB6000233B6100237B61D0
:1037A00007F10C0319464FF0904000F081FB78239D
:1037B000FB6001233B6100237B610023BB6107F1B8
:1037C0000C031946094800F073FB00220021172062
:1037D00000F039FB172000F050FB00BF2037BD463A
:1037E00080BD00BF001002400008004800040048EF
:1037F00080B400AF72B600BF00BFFDE780B582B0F5
:1038000000AF0F4B1B6E0E4A43F0010313660C4BC7
:103810001B6E03F001037B607B68094B9B6D084ABC
:1038200043F080539365064B9B6D03F080533B60E0
:103830003B6801F0E9FB00BF0837BD4680BD00BF13
:103840000010024080B5A0B000AF786007F16C03B3
:1038500000221A605A609A60DA601A6107F1180350
:1038600054220021184603F045FE7B681B682D4A50
:10387000934253D14023BB6100237B6307F11803BC
:10388000184602F0C7F80346002B01D0FFF7B0FF3F
:10389000254BDB6C244A43F00103D364224BDB6CE1
:1038A00003F001037B617B691F4BDB6C1E4A43F015
:1038B0000203D3641C4BDB6C03F002033B613B69E6
:1038C0004FF40043FB6612233B6700237B67002312
:1038D000BB670423FB6707F16C0319464FF0904068
:1038E00000F0E6FA8023FB6612233B6700237B6728
:1038F0000023BB670423FB6707F16C0319460B48E1
:1039000000F0D6FA084B9B6D074A43F40013936509
:10391000054B9B6D03F40013FB60FB6800BF803711
:10392000BD4680BD00540040001002400004004825
:1039300080B58AB000AF786007F1140300221A60E6
:103940005A609A60DA601A617B681B68174A934272
:1039500028D1174B9B6D164A43F480439365144B53
:103960009B6D03F480433B613B69114BDB6C104A58
:1039700043F00203D3640E4BDB6C03F00203FB60E5
:10398000FB684FF420437B610223BB610023FB6192
:1039900000233B6205237B6207F1140319460548A7
:1039A00000F086FA00BF2837BD4680BD00380040D1
:1039B000001002400004004880B584B000AF786079
:1039C0007B681B68B3F1804F13D10C4B9B6D0B4A86
:1039D00043F001039365094B9B6D03F00103FB600A
:1039E000FB68002200211C2000F02DFA1C2000F0B2
:1039F00044FA00BF1037BD4680BD00BF0010024032
:103A000080B400AF00BFFDE780B400AF00BFFDE7AA
:103A100080B400AF00BFFDE780B400AF00BFFDE79A
:103A200080B400AF00BFFDE780B400AF00BFBD466B
:103A30005DF8047B704780B400AF00BFBD465DF801
:103A4000047B704780B400AF00BFBD465DF8047BC7
:103A5000704780B500AF00F0DBF800BF80BD80B5D7
:103A600000AF802000F0F0FB4FF4807000F0ECFB22
:103A700000BF80BD80B500AF024802F06EFE00BFFF
:103A800080BD00BF402B002080B586B000AF7860BD
:103A9000144A154BD31A7B617B693B61134B1B683E
:103AA000002B02D1114B124A1A60104B1A687B6826
:103AB00013443A699A4207D203F024FD03460C22CC
:103AC0001A604FF0FF3309E0084B1B68FB60074B9F
:103AD0001A687B681344054A1360FB681846183758
:103AE000BD4680BD0000022000040000D02E002052
:103AF0002030002080B400AF064BD3F88830054A50
:103B000043F47003C2F8883000BFBD465DF8047B03
:103B1000704700BF00ED00E00D488546FFF7EAFF63
:103B20000C480D490D4A002302E0D458C450043318
:103B3000C4188C42F9D30A4A0A4C002301E01360EE
:103B40000432A242FBD303F0E3FCFFF779FAFEE76D
:103B500000000220000000201C0A002068850008E8
:103B6000200A002020300020FEE780B582B000AFA0
:103B70000023FB71032000F05BF90F2000F00EF82A
:103B80000346002B02D00123FB7101E0FFF736FE54
:103B9000FB7918460837BD4680BD000080B584B06B
:103BA00000AF78600023FB73164B1B68002B22D0FC
:103BB000154B1A68134B1B684FF47A71B1FBF3F382
:103BC000B2FBF3F3184600F066F90346002B0FD161
:103BD0007B680F2B09D8002279684FF0FF3000F086
:103BE00032F90A4A7B68136007E00123FB7304E0A3
:103BF0000123FB7301E00123FB73FB7B18461037A5
:103C0000BD4680BDC8090020C0090020C4090020AD
:103C100080B400AF054B1A68054B1B681344034A78
:103C2000136000BFBD465DF8047B7047D42E0020B2
:103C3000C809002080B400AF034B1B681846BD467E
:103C40005DF8047B704700BFD42E002080B584B09F
:103C500000AF7860FFF7EEFFB8607B68FB60FB6841
:103C6000B3F1FF3F04D0094B1B68FA681344FB60B3
:103C700000BFFFF7DFFF0246BB68D31AFA689A421B
:103C8000F7D800BF00BF1037BD4680BDC80900206F
:103C900080B485B000AF78607B6803F00703FB60F9
:103CA0000C4BDB68BB60BA684FF6FF031340BB6088
:103CB000FB681A02BB68134343F0BF6343F400334D
:103CC000BB60044ABB68D36000BF1437BD465DF8D3
:103CD000047B704700ED00E080B400AF044BDB686C
:103CE0001B0A03F007031846BD465DF8047B7047C6
:103CF00000ED00E080B483B000AF0346FB7197F99C
:103D00000730002B0BDBFB7903F01F02074997F903
:103D100007305B09012000FA02F241F8232000BFBE
:103D20000C37BD465DF8047B704700BF00E100E042
:103D300080B483B000AF03463960FB7197F9073058
:103D4000002B0ADB3B68DAB20C4997F90730120105
:103D5000D2B20B4483F800230AE03B68DAB2084988
:103D6000FB7903F00F03043B1201D2B20B441A7625
:103D700000BF0C37BD465DF8047B704700E100E0F2
:103D800000ED00E080B489B000AFF860B9607A60FF
:103D9000FB6803F00703FB61FB69C3F10703042B16
:103DA00028BF0423BB61FB690433062B02D9FB69DE
:103DB000033B00E000237B614FF0FF32BB6902FA56
:103DC00003F3DA43BB681A407B699A404FF0FF3136
:103DD0007B6901FA03F3D9437B680B401343184610
:103DE0002437BD465DF8047B7047000080B582B083
:103DF00000AF78607B68013BB3F1807F01D3012382
:103E00000FE00A4A7B68013B53600F214FF0FF30FF
:103E1000FFF78EFF054B00229A60044B07221A60C1
:103E2000002318460837BD4680BD00BF10E000E003
:103E300080B582B000AF78607868FFF729FF00BFD7
:103E40000837BD4680BD80B586B000AF0346B96077
:103E50007A60FB73FFF740FF78617A68B968786928
:103E6000FFF790FF024697F90F3011461846FFF70B
:103E70005FFF00BF1837BD4680BD80B582B000AF80
:103E80000346FB7197F907301846FFF733FF00BF71
:103E90000837BD4680BD80B582B000AF78607868D5
:103EA000FFF7A4FF034618460837BD4680BD000053
:103EB00080B487B000AF7860396000237B615AE13D
:103EC0003B681A6801217B6901FA03F31340FB6028
:103ED000FB68002B00F04C813B685B6803F0030338
:103EE000012B05D03B685B6803F00303022B30D144
:103EF0007B689B683B617B695B00032202FA03F3EA
:103F0000DB433A6913403B613B68DA687B695B00DD
:103F100002FA03F33A6913433B617B683A699A609A
:103F20007B685B683B6101227B6902FA03F3DB4338
:103F30003A6913403B613B685B681B0903F001026F
:103F40007B6902FA03F33A6913433B617B683A6980
:103F50005A603B685B6803F00303032B17D07B6850
:103F6000DB683B617B695B00032202FA03F3DB43FE
:103F70003A6913403B613B689A687B695B0002FACF
:103F800003F33A6913433B617B683A69DA603B6843
:103F90005B6803F00303022B23D17B69DA087B689B
:103FA000083253F822303B617B6903F007039B0022
:103FB0000F2202FA03F3DB433A6913403B613B688B
:103FC0001A697B6903F007039B0002FA03F33A695D
:103FD00013433B617B69DA087B680832396943F82F
:103FE00022107B681B683B617B695B00032202FA3D
:103FF00003F3DB433A6913403B613B685B6803F0C2
:1040000003027B695B0002FA03F33A6913433B61E5
:104010007B683A691A603B685B6803F44033002BA5
:1040200000F0A6805B4B1B6E5A4A43F001031366F7
:10403000584B1B6E03F00103BB60BB68564A7B699B
:104040009B08023352F823303B617B6903F0030382
:104050009B000F2202FA03F3DB433A6913403B61F2
:104060007B68B3F1904F1FD07B684C4A934219D0C4
:104070007B684B4A934213D07B684A4A93420DD0E7
:104080007B68494A934207D07B68484A934201D1F2
:1040900005230AE0062308E0042306E0032304E0E6
:1040A000022302E0012300E000237A6902F0030208
:1040B000920093403A6913433B6137497B699B08FF
:1040C00002333A6941F82320394B9B683B61FB6816
:1040D000DB433A6913403B613B685B6803F4801340
:1040E000002B03D03A69FB6813433B61304A3B69BC
:1040F00093602F4BDB683B61FB68DB433A691340FD
:104100003B613B685B6803F40013002B03D03A6902
:10411000FB6813433B61264A3B69D360244B5B68D1
:104120003B61FB68DB433A6913403B613B685B687A
:1041300003F40033002B03D03A69FB6813433B615F
:104140001B4A3B6953601A4B1B683B61FB68DB43AE
:104150003A6913403B613B685B6803F48033002B92
:1041600003D03A69FB6813433B61114A3B69136012
:104170007B6901337B613B681A687B6922FA03F330
:10418000002B7FF49DAE00BF00BF1C37BD465DF81D
:10419000047B70470010024000000140000400480A
:1041A00000080048000C00480010004800140048B7
:1041B0000004014080B485B000AF78600B467B807E
:1041C0007B681A697B881340002B02D00123FB73A4
:1041D00001E00023FB73FB7B18461437BD465DF8F6
:1041E000047B704780B483B000AF78600B467B805F
:1041F00013467B707B78002B03D07A887B689A61AA
:1042000002E07A887B689A6200BF0C37BD465DF891
:10421000047B704780B485B000AF78600B467B802C
:104220007B685B69FB607A88FB6813401A04FB6853
:10423000D9437B880B401A437B689A6100BF1437CF
:10424000BD465DF8047B704780B582B000AF034681
:10425000FB80084B5A69FB881340002B06D0054AA7
:10426000FB885361FB881846FEF7E2FD00BF083764
:10427000BD4680BD0004014080B582B000AF7860CB
:104280007B68002B01D101238DE07B6893F84130DE
:10429000DBB2002B06D17B68002283F840207868CF
:1042A000FFF7D0FA7B68242283F841207B681B68E3
:1042B0001A687B681B6822F001021A607B685A68E2
:1042C0007B681B6822F070621A617B681B689A68C1
:1042D0007B681B6822F400429A607B68DB68012BD4
:1042E00007D17B689A687B681B6842F400429A6039
:1042F00006E07B689A687B681B6842F404429A6017
:104300007B68DB68022B08D17B681B685A687B6876
:104310001B6842F400625A6007E07B681B685A68B9
:104320007B681B6822F400625A607B681B685B68CC
:104330007A68126843F0007343F4004353607B686B
:104340001B68DA687B681B6822F40042DA607B68CD
:104350001A697B685B6942EA03017B689B691A0200
:104360007B681B680A43DA607B68D9697B681A6AD4
:104370007B681B680A431A607B681B681A687B6845
:104380001B6842F001021A607B6800225A647B6855
:10439000202283F841207B6800221A637B68002278
:1043A00083F84220002318460837BD4680BD000030
:1043B00080B588B002AFF860084611461A46034639
:1043C0007B810B463B811346FB80FB6893F84130B1
:1043D000DBB2202B40F0F9803B6A002B02D0BB8C73
:1043E000002B05D1FB684FF400725A640123EDE005
:1043F000FB6893F84030012B01D10223E6E0FB6813
:10440000012283F84020FFF715FC78617B69009357
:10441000192301224FF40041F86800F0C3FA034663
:10442000002B01D00123D1E0FB68212283F8412039
:10443000FB68402283F84220FB6800225A64FB6834
:104440003A6A5A62FB68BA8C5A85FB6800225A6342
:10445000F8883A8979897B690193BB6A009303469E
:10446000F86800F0D3F90346002B05D0FB68002262
:1044700083F840200123A9E0FB685B8D9BB2FF2BF2
:104480000ED9FB68FF221A85FB681B8DDAB2798989
:10449000002300934FF08073F86800F047FC0FE0B2
:1044A000FB685B8D9AB2FB681A85FB681B8DDAB2DC
:1044B0007989002300934FF00073F86800F036FC10
:1044C0007A69B96AF86800F0C6FA0346002B01D091
:1044D00001237BE0FB685B6A1A78FB681B689A62C1
:1044E000FB685B6A5A1CFB685A62FB685B8D9BB277
:1044F000013B9AB2FB685A85FB681B8D013B9AB25F
:10450000FB681A85FB685B8D9BB2002B34D0FB687F
:104510001B8D002B30D17B690093BB6A0022802168
:10452000F86800F03FFA0346002B01D001234DE06C
:10453000FB685B8D9BB2FF2B0ED9FB68FF221A85AF
:10454000FB681B8DDAB27989002300934FF08073EA
:10455000F86800F0EBFB0FE0FB685B8D9AB2FB683C
:104560001A85FB681B8DDAB27989002300934FF01E
:104570000073F86800F0DAFBFB685B8D9BB2002BE0
:104580009ED17A69B96AF86800F0ACFA0346002B4C
:1045900001D001231AE0FB681B682022DA61FB6866
:1045A0001B685968FB681A680A4B0B405360FB682C
:1045B000202283F84120FB68002283F84220FB6818
:1045C000002283F84020002300E002231846183719
:1045D000BD4680BD00E800FE80B588B002AFF8603F
:1045E000084611461A4603467B810B463B8113461B
:1045F000FB80FB6893F84130DBB2202B40F0FD805C
:104600003B6A002B02D0BB8C002B05D1FB684FF41A
:1046100000725A640123F1E0FB6893F84030012BEB
:1046200001D10223EAE0FB68012283F84020FFF772
:1046300001FB78617B690093192301224FF400414B
:10464000F86800F0AFF90346002B01D00123D5E054
:10465000FB68222283F84120FB68402283F8422035
:10466000FB6800225A64FB683A6A5A62FB68BA8C9B
:104670005A85FB6800225A63F8883A8979897B69F0
:104680000193BB6A00930346F86800F013F90346F0
:10469000002B05D0FB68002283F840200123ADE009
:1046A000FB685B8D9BB2FF2B0ED9FB68FF221A853E
:1046B000FB681B8DDAB27989524B00934FF08073FF
:1046C000F86800F033FB0FE0FB685B8D9AB2FB6883
:1046D0001A85FB681B8DDAB279894A4B00934FF03B
:1046E0000073F86800F022FB7B690093BB6A00222C
:1046F0000421F86800F056F90346002B01D001238D
:104700007CE0FB681B685A6AFB685B6AD2B21A706D
:10471000FB685B6A5A1CFB685A62FB681B8D013B95
:104720009AB2FB681A85FB685B8D9BB2013B9AB21B
:10473000FB685A85FB685B8D9BB2002B34D0FB680D
:104740001B8D002B30D17B690093BB6A0022802136
:10475000F86800F027F90346002B01D001234DE053
:10476000FB685B8D9BB2FF2B0ED9FB68FF221A857D
:10477000FB681B8DDAB27989002300934FF08073B8
:10478000F86800F0D3FA0FE0FB685B8D9AB2FB6823
:104790001A85FB681B8DDAB27989002300934FF0EC
:1047A0000073F86800F0C2FAFB685B8D9BB2002BC7
:1047B0009AD17A69B96AF86800F094F90346002B37
:1047C00001D001231AE0FB681B682022DA61FB6834
:1047D0001B685968FB681A680B4B0B405360FB68F9
:1047E000202283F84120FB68002283F84220FB68E6
:1047F000002283F84020002300E0022318461837E7
:10480000BD4680BD0024008000E800FE80B586B073
:1048100002AFF860084611461A4603467B810B46F4
:104820003B811346FB80FB88DAB27989204B0093E9
:104830004FF08073F86800F079FAFA69B969F8689E
:1048400000F009F90346002B01D001232CE0FB887E
:10485000012B05D13B89DAB2FB681B689A6215E02F
:104860003B891B0A9BB2DAB2FB681B689A62FA6941
:10487000B969F86800F0EFF80346002B01D0012376
:1048800012E03B89DAB2FB681B689A62FB6900930D
:10489000BB6900228021F86800F084F80346002BF1
:1048A00001D0012300E0002318461037BD4680BD2B
:1048B0000020008080B586B002AFF860084611463F
:1048C0001A4603467B810B463B811346FB80FB88DF
:1048D000DAB27989204B00930023F86800F026FAB9
:1048E000FA69B969F86800F0B6F80346002B01D000
:1048F00001232CE0FB88012B05D13B89DAB2FB6850
:104900001B689A6215E03B891B0A9BB2DAB2FB680E
:104910001B689A62FA69B969F86800F09CF8034666
:10492000002B01D0012312E03B89DAB2FB681B683F
:104930009A62FB690093BB6900224021F86800F08D
:1049400031F80346002B01D0012300E00023184674
:104950001037BD4680BD00BF0020008080B483B00A
:1049600000AF78607B681B689B6903F00203022B31
:1049700003D17B681B6800229A627B681B689B6975
:1049800003F00103012B07D07B681B689A697B68E1
:104990001B6842F001029A6100BF0C37BD465DF80A
:1049A000047B704780B584B000AFF860B9603B60AD
:1049B0001346FB713BE0BA693968F86800F0D6F835
:1049C0000346002B01D0012341E03B68B3F1FF3FD8
:1049D0002DD0FFF72FF90246BB69D31A3A689A42E5
:1049E00002D33B68002B22D1FB681B689A69BB6825
:1049F0001340BA689A420CBF01230023DBB21A4667
:104A0000FB799A4213D1FB685B6C43F02002FB6890
:104A10005A64FB68202283F84120FB68002283F857
:104A20004220FB68002283F8402001230FE0FB684E
:104A30001B689A69BB681340BA689A420CBF01238D
:104A40000023DBB21A46FB799A42B4D00023184601
:104A50001037BD4680BD80B584B000AFF860B96046
:104A60007A6033E07A68B968F86800F07FF8034646
:104A7000002B01D0012331E0BB68B3F1FF3F25D00B
:104A8000FFF7D8F802467B68D31ABA689A4202D375
:104A9000BB68002B1AD1FB681B689B6903F00203FB
:104AA000022B13D0FB685B6C43F02002FB685A6456
:104AB000FB68202283F84120FB68002283F8422013
:104AC000FB68002283F84020012307E0FB681B6895
:104AD0009B6903F00203022BC4D100231846103750
:104AE000BD4680BD80B584B000AFF860B9607A6023
:104AF0002FE07A68B968F86800F038F80346002BB0
:104B000001D001232DE0FFF795F802467B68D31A08
:104B1000BA689A4202D3BB68002B1AD1FB681B68A3
:104B20009B6903F02003202B13D0FB685B6C43F0E0
:104B30002002FB685A64FB68202283F84120FB684E
:104B4000002283F84220FB68002283F840200123E2
:104B500007E0FB681B689B6903F02003202BC8D18A
:104B6000002318461037BD4680BD000080B58AB0CE
:104B700000AFF860B9607A60002387F82730FB68DF
:104B80001B689B69BB6100233B627B68FB61BB695F
:104B900003F01003002B68D0FB681B681022DA6159
:104BA00049E0BB68B3F1FF3F45D0FFF743F8024649
:104BB000FB69D31ABA689A4202D3BB68002B3AD178
:104BC000FB681B685B6803F480437B61FB6893F8B8
:104BD0004230FB74FB681B689B6903F40043B3F528
:104BE000004F21D17B69B3F5804F1DD0FB7C202B7A
:104BF0001AD0FB681B685A68FB681B6842F4804245
:104C00005A60FFF717F8F8610EE0FFF713F8024655
:104C1000FB69D31A192B07D93B6A43F020033B6287
:104C2000012387F8273006E0FB681B689B6903F0C7
:104C30002003202BE9D1FB681B689B6903F020034C
:104C4000202B03D097F82730002BAAD097F82730D5
:104C5000002B03D1FB681B682022DA613B6A43F01A
:104C600004033B62012387F82730FB681B689B69BC
:104C7000BB61BB6903F48073002B0BD03B6A43F02C
:104C800001033B62FB681B684FF48072DA61012309
:104C900087F82730BB6903F48063002B0BD03B6A95
:104CA00043F008033B62FB681B684FF48062DA61E3
:104CB000012387F82730BB6903F40073002B0BD066
:104CC0003B6A43F002033B62FB681B684FF40072CF
:104CD000DA61012387F8273097F82730002B1CD0A2
:104CE000F868FFF73BFEFB681B685968FB681A68A9
:104CF0000D4B0B405360FB685A6C3B6A1A43FB68D0
:104D00005A64FB68202283F84120FB68002283F864
:104D10004220FB68002283F8402097F8273018468D
:104D20002837BD4680BD00BF00E800FE80B487B0D4
:104D300000AFF8607B600B467B8113467B727B89FA
:104D4000C3F309027B7A1B0403F47F031A437B68D5
:104D50001A433B6A134323F000437B61FB681B68E3
:104D60005A683B6A5B0D03F48061084B0B43DB43DD
:104D700002EA0301FB681B687A690A435A6000BFB4
:104D80001C37BD465DF8047B704700BFFF63FF031F
:104D900080B483B000AF786039607B6893F84130AD
:104DA000DBB2202B38D17B6893F84030012B01D146
:104DB000022332E07B68012283F840207B682422B2
:104DC00083F841207B681B681A687B681B6822F0A7
:104DD00001021A607B681B681A687B681B6822F4F2
:104DE00080521A607B681B6819687B681B683A6888
:104DF0000A431A607B681B681A687B681B6842F06C
:104E000001021A607B68202283F841207B6800221F
:104E100083F84020002300E0022318460C37BD46EB
:104E20005DF8047B704780B485B000AF786039606E
:104E30007B6893F84130DBB2202B39D17B6893F843
:104E40004030012B01D1022333E07B68012283F83B
:104E500040207B68242283F841207B681B681A6805
:104E60007B681B6822F001021A607B681B681B6864
:104E7000FB60FB6823F47063FB603B681B02FA680D
:104E80001343FB607B681B68FA681A607B681B68C9
:104E90001A687B681B6842F001021A607B68202256
:104EA00083F841207B68002283F84020002300E043
:104EB000022318461437BD465DF8047B7047000096
:104EC00080B485B000AF78607B68002B41D14B4B3C
:104ED0001B6803F4C063B3F5806F31D1474BD3F83F
:104EE0008030464A23F48073C2F88030434B1B68FD
:104EF00023F4C063414A43F400731360404B1B68C2
:104F0000322202FB03F33F4AA2FB03239B0C013333
:104F1000FB6002E0FB68013BFB60384B5B6903F41C
:104F20008063B3F5806F02D1FB68002BF2D1334B65
:104F30005B6903F48063B3F5806F58D1032357E0B6
:104F40002E4BD3F880302D4A23F48073C2F8803082
:104F50004DE07B68B3F5007F41D1284B1B6803F41B
:104F6000C063B3F5806F31D1244BD3F88030234A2E
:104F700043F48073C2F88030204B1B6823F4C06375
:104F80001E4A43F4007313601D4B1B68322202FB60
:104F900003F31C4AA2FB03239B0C0133FB6002E0DA
:104FA000FB68013BFB60154B5B6903F48063B3F561
:104FB000806F02D1FB68002BF2D1104B5B6903F4C8
:104FC0008063B3F5806F12D1032311E00B4BD3F84C
:104FD00080300A4A43F48073C2F8803007E0074B00
:104FE0001B6823F4C063054A43F480631360002305
:104FF00018461437BD465DF8047B704700700040CA
:10500000C009002083DE1B4380B400AF054B9B68C2
:10501000044A43F48043936000BFBD465DF8047BBF
:10502000704700BF0070004080B588B000AF786066
:105030007B68002B01D10123FEE27B681B6803F033
:105040000103002B75D0974B9B6803F00C03BB61E9
:10505000944BDB6803F003037B61BB690C2B02D12B
:105060007B69032B02D0BB69082B0BD18D4B1B68CE
:1050700003F40033002B5BD07B685B68002B57D1B7
:105080000123D9E27B685B68B3F5803F06D1854B8D
:105090001B68844A43F4803313601DE07B685B68BF
:1050A000B3F5A02F0CD17F4B1B687E4A43F48023BD
:1050B00013607C4B1B687B4A43F4803313600BE026
:1050C000784B1B68774A23F480331360754B1B6859
:1050D000744A23F4802313607B685B68002B13D031
:1050E000FEF7A8FD386108E0FEF7A4FD02463B6923
:1050F000D31A642B01D903239EE26A4B1B6803F485
:105100000033002BF0D014E0FEF794FD386108E086
:10511000FEF790FD02463B69D31A642B01D90323A5
:105120008AE2604B1B6803F40033002BF0D100E0EF
:1051300000BF7B681B6803F00203002B75D0594B3E
:105140009B6803F00C03BB61564BDB6803F0030361
:105150007B61BB690C2B02D17B69022B02D0BB693E
:10516000042B1FD14F4B1B6803F48063002B05D029
:105170007B68DB68002B01D101235DE2494B5B6852
:1051800023F0FE427B681B691B06464913434B60B4
:10519000454B1B681846FEF701FD0346002B43D024
:1051A000012349E27B68DB68002B23D03D4B1B6861
:1051B0003C4A43F480731360FEF73CFD386108E01D
:1051C000FEF738FD02463B69D31A022B01D90323AF
:1051D00032E2344B1B6803F48063002BF0D0314B78
:1051E0005B6823F0FE427B681B691B062D49134355
:1051F0004B601AE02B4B1B682A4A23F48073136020
:10520000FEF718FD386108E0FEF714FD02463B6921
:10521000D31A022B01D903230EE2224B1B6803F49D
:105220008063002BF0D100E000BF7B681B6803F0B7
:105230000803002B41D07B685B69002B1CD0194B05
:10524000D3F89430174A43F00103C2F89430FEF7C4
:10525000F1FC386108E0FEF7EDFC02463B69D31A29
:10526000022B01D90323E7E10E4BD3F8943003F06E
:105270000203002BEFD020E00A4BD3F89430094A08
:1052800023F00103C2F89430FEF7D4FC38610DE03E
:10529000FEF7D0FC02463B69D31A022B06D9032342
:1052A000CAE100BF00100240C40900208C4BD3F8B3
:1052B000943003F00203002BEAD17B681B6803F0F3
:1052C0000403002B00F0A6800023FB77844B9B6D2A
:1052D00003F08053002B01D1012300E00023002BB9
:1052E0000DD07F4B9B6D7E4A43F0805393657C4B82
:1052F0009B6D03F08053FB60FB680123FB77794BC8
:105300001B6803F48073002B18D1764B1B68754A19
:1053100043F480731360FEF78DFC386108E0FEF7FC
:1053200089FC02463B69D31A022B01D9032383E18E
:105330006C4B1B6803F48073002BF0D07B689B6878
:10534000012B08D1664BD3F89030654A43F0010336
:10535000C2F8903024E07B689B68052B10D1604B2D
:10536000D3F890305E4A43F00403C2F890305C4BAF
:10537000D3F890305A4A43F00103C2F890300FE05E
:10538000574BD3F89030564A23F00103C2F89030BF
:10539000534BD3F89030524A23F00403C2F89030B4
:1053A0007B689B68002B16D0FEF744FC38610AE04E
:1053B000FEF740FC02463B69D31A41F28832934221
:1053C00001D9032338E1464BD3F8903003F00203B0
:1053D000002BEDD015E0FEF72DFC38610AE0FEF75A
:1053E00029FC02463B69D31A41F28832934201D923
:1053F000032321E13A4BD3F8903003F00203002B52
:10540000EDD1FB7F012B05D1354B9B6D344A23F049
:10541000805393657B681B6803F02003002B3CD00E
:105420007B689B69002B1CD02D4BD3F898302C4AFD
:1054300043F00103C2F89830FEF7FCFB386108E046
:10544000FEF7F8FB02463B69D31A022B01D903236E
:10545000F2E0234BD3F8983003F00203002BEFD097
:105460001BE01F4BD3F898301D4A23F00103C2F80C
:105470009830FEF7DFFB386108E0FEF7DBFB024601
:105480003B69D31A022B01D90323D5E0144BD3F87F
:10549000983003F00203002BEFD17B68DB69002B0F
:1054A00000F0C9800E4B9B6803F00C030C2B00F03E
:1054B00083807B68DB69022B5ED1094B1B68084A3D
:1054C00023F080731360FEF7B5FB38610CE0FEF744
:1054D000B1FB02463B69D31A022B05D90323ABE08B
:1054E0000010024000700040554B1B6803F0007331
:1054F000002BECD1524BDA68524B13407A68116A98
:105500007A68526A013A120111437A68926A120269
:1055100011437A68126B5208013A520511437A68B6
:10552000526B5208013A520611437A68D26AD20687
:105530000A4343491343CB60414B1B68404A43F045
:10554000807313603E4BDB683D4A43F08073D36049
:10555000FEF770FB386108E0FEF76CFB02463B6922
:10556000D31A022B01D9032366E0354B1B6803F0E5
:105570000073002BF0D05EE0314B1B68304A23F003
:1055800080731360FEF756FB386108E0FEF752FBAC
:1055900002463B69D31A022B01D903234CE0284B66
:1055A0001B6803F00073002BF0D1254BDA68244907
:1055B000254B1340CB603EE07B68DB69012B01D1BA
:1055C000012339E01E4BDB687B617B6903F003023A
:1055D0007B681B6A9A422CD17B6903F0F0027B68DE
:1055E0005B6A013B1B019A4223D17B6903F4FE42B3
:1055F0007B689B6A1B029A421BD17B6903F078424D
:105600007B68DB6ADB069A4213D17B6903F4C00234
:105610007B681B6B5B08013B5B059A4209D17B6988
:1056200003F0C0627B685B6B5B08013B5B069A42E0
:1056300001D0012300E0002318462037BD4680BD7D
:10564000001002400C809F01FCFFEEFE80B586B08A
:1056500000AF7860396000237B617B68002B01D14B
:1056600001231EE1914B1B6803F00F033A689A4235
:1056700010D98E4B1B6823F00F028C493B681343F3
:105680000B608A4B1B6803F00F033A689A4201D003
:10569000012306E17B681B6803F00103002B73D034
:1056A0007B685B68032B29D1814B1B6803F0007377
:1056B000002B01D10123F4E000F066F938613B6969
:1056C0007C4A93423FD97A4B9B6803F0F003002B4E
:1056D00009D07B681B6803F00203002B33D07B6882
:1056E0009B68002B2FD1724B9B6823F0F003704A0C
:1056F00043F08003936080237B6124E07B685B68D8
:10570000022B07D16A4B1B6803F40033002B09D12D
:105710000123C6E0664B1B6803F48063002B01D1B4
:105720000123BEE000F0CEF838613B69614A934244
:1057300009D95F4B9B6823F0F0035D4A43F0800377
:10574000936080237B615A4B9B6823F003027B6844
:105750005B68574913438B60FEF76CFAF8600AE008
:10576000FEF768FA0246FB68D31A41F28832934288
:1057700001D9032395E04E4B9B6803F00C027B6834
:105780005B689B009A42EBD17B681B6803F00203C5
:10579000002B23D07B681B6803F00403002B05D08B
:1057A000434B9B68424A43F4E06393607B681B6809
:1057B00003F00803002B07D03D4B9B6823F47C5378
:1057C0003B4A43F4E0639360394B9B6823F0F0025B
:1057D0007B689B68364913438B6008E07B69802BAC
:1057E00005D1334B9B68324A23F0F00393602F4B73
:1057F0001B6803F00F033A689A421DD22B4B1B68BB
:1058000023F00F0229493B6813430B60FEF712FA9D
:10581000F8600AE0FEF70EFA0246FB68D31A41F27E
:105820008832934201D903233BE0204B1B6803F0ED
:105830000F033A689A42EDD17B681B6803F00403BA
:10584000002B08D01A4B9B6823F4E0627B68DB686E
:10585000174913438B607B681B6803F00803002B18
:1058600009D0134B9B6823F460527B681B69DB00F3
:105870000F4913438B6000F025F802460C4B9B68E0
:105880001B0903F00F030C49CB5C03F01F0322FA42
:1058900003F30A4A13600A4B1B681846FEF77EF9A9
:1058A000034618461837BD4680BD00BF00200240A1
:1058B0000010024000B4C40414850008C009002090
:1058C000C409002080B487B000AF2C4B9B6803F064
:1058D0000C03042B02D12A4B3B6147E0274B9B680A
:1058E00003F00C03082B02D1264B3B613EE0234B17
:1058F0009B6803F00C030C2B36D1204BDB6803F0C4
:105900000303FB601D4BDB681B0903F00F0301332E
:10591000BB60FB68032B0CD11A4ABB68B2FBF3F3E4
:10592000164AD268120A02F07F0202FB03F37B617F
:105930000CE0134ABB68B2FBF3F3104AD268120AB8
:1059400002F07F0202FB03F37B6100BF0B4BDB68BD
:105950005B0E03F0030301335B007B607A697B68B5
:10596000B2FBF3F33B6101E000233B613B69184666
:105970001C37BD465DF8047B704700BF0010024035
:105980000024F40000127A0080B487B000AF1E4BF0
:10599000DB6803F003033B611B4BDB681B0903F06F
:1059A0000F030133FB603B69032B0CD1174AFB68E3
:1059B000B2FBF3F3144AD268120A02F07F0202FB30
:1059C00003F37B610CE0124AFB68B2FBF3F30E4A6F
:1059D000D268120A02F07F0202FB03F37B6100BF70
:1059E000094BDB685B0E03F0030301335B00BB6014
:1059F0007A69BB68B2FBF3F37B607B6818461C379F
:105A0000BD465DF8047B70470010024000127A002A
:105A10000024F40080B586B000AF78600023FB74EA
:105A20000023BB747B681B6803F40023002B00F089
:105A3000988000237B74434B9B6D03F08053002BB5
:105A40000DD1404B9B6D3F4A43F0805393653D4BD6
:105A50009B6D03F08053BB60BB6801237B743A4BA2
:105A60001B68394A43F480731360FEF7E3F8F8606B
:105A700009E0FEF7DFF80246FB68D31A022B02D9D1
:105A80000323FB7405E0304B1B6803F48073002B89
:105A9000EFD0FB7C002B59D12A4BD3F8903003F484
:105AA00040737B617B69002B1ED07B681B6D7A691C
:105AB0009A4219D0234BD3F8903023F440737B6182
:105AC000204BD3F890301F4A43F48033C2F8903013
:105AD0001C4BD3F890301B4A23F48033C2F890302B
:105AE000184A7B69C2F890307B6903F00103002BF0
:105AF00016D0FEF79FF8F8600BE0FEF79BF8024621
:105B0000FB68D31A41F28832934202D90323FB7413
:105B100006E00C4BD3F8903003F00203002BECD0DE
:105B2000FB7C002B0BD1074BD3F8903023F4407251
:105B30007B681B6D03491343C1F8903008E0FB7C80
:105B4000BB7405E00010024000700040FB7CBB7499
:105B50007B7C012B05D1A74B9B6DA64A23F080537C
:105B600093657B681B6803F00103002B0AD0A14BEF
:105B7000D3F8883023F003027B685B689D491343A8
:105B8000C1F888307B681B6803F00203002B0AD041
:105B9000984BD3F8883023F00C027B689B689549BA
:105BA0001343C1F888307B681B6803F00403002BA3
:105BB0000AD0904BD3F8883023F030027B68DB6842
:105BC0008C491343C1F888307B681B6803F00803D5
:105BD000002B0AD0874BD3F8883023F0C0027B68B3
:105BE0001B6984491343C1F888307B681B6803F044
:105BF0001003002B0AD07F4BD3F8883023F4407277
:105C00007B685B697B491343C1F888307B681B68FC
:105C100003F02003002B0AD0764BD3F8883023F40E
:105C200040627B689B6973491343C1F888307B6885
:105C30001B6803F04003002B0AD06E4BD3F888306A
:105C400023F440527B68DB696A491343C1F888300A
:105C50007B681B6803F08003002B0AD0654BD3F8E8
:105C6000883023F440427B681B6A62491343C1F8C1
:105C700088307B681B6803F48073002B0AD05D4B6F
:105C8000D3F8883023F440327B685B6A5949134368
:105C9000C1F888307B681B6803F40033002B0AD0FE
:105CA000544BD3F89C3023F003027B689B6A514924
:105CB0001343C1F89C307B681B6803F40073002B0E
:105CC0000AD04C4BD3F8883023F440227B68DB6A3F
:105CD00048491343C1F888307B681B6803F480632C
:105CE000002B15D0434BD3F8883023F440127B6847
:105CF0001B6B40491343C1F888307B681B6BB3F5BD
:105D0000801F05D13B4BDB683A4A43F48013D360D4
:105D10007B681B6803F40063002B15D0354BD3F868
:105D2000883023F440027B685B6B32491343C1F82F
:105D300088307B685B6BB3F5800F05D12D4BDB683A
:105D40002C4A43F48013D3607B681B6803F48053B0
:105D5000002B15D0274BD3F8883023F040727B6896
:105D60009B6B24491343C1F888307B689B6BB3F16C
:105D7000807F05D11F4BDB681E4A43F48013D3603C
:105D80007B681B6803F40053002B15D0194BD3F824
:105D9000883023F040627B68DB6B16491343C1F8FF
:105DA00088307B68DB6BB3F1006F05D1114BDB688A
:105DB000104A43F48013D3607B681B6803F480436C
:105DC000002B19D00B4BD3F8883023F040627B684E
:105DD0001B6C08491343C1F888307B681B6CB3F116
:105DE000006F09D1034BDB68024A43F48013D36090
:105DF00002E000BF001002407B681B6803F4004310
:105E0000002B15D0294BD3F8883023F040527B6803
:105E10005B6C26491343C1F888307B685B6CB3F137
:105E2000805F05D1214BDB68204A43F48033D36087
:105E30007B681B6803F48033002B15D01B4BD3F811
:105E4000883023F040427B689B6C18491343C1F8AB
:105E500088307B689B6CB3F1804F05D1134BDB68B6
:105E6000124A43F48033D3607B681B6803F48023B9
:105E7000002B15D00D4BD3F89C3023F440127B68D7
:105E8000DB6C0A491343C1F89C307B68DB6CB3F5CB
:105E9000001F05D1054BDB68044A43F48013D3602F
:105EA000BB7C18461837BD4680BD00BF00100240BD
:105EB00080B584B000AF78607B68002B01D10123EE
:105EC0009DE07B685B6A002B08D17B685B68B3F55B
:105ED000827F09D07B680022DA6105E07B680022BE
:105EE0001A617B6800225A617B6800229A627B6893
:105EF00093F85D30DBB2002B06D17B68002283F87B
:105F00005C207868FDF714FD7B68022283F85D2031
:105F10007B681B681A687B681B6822F040021A6065
:105F20007B68DB68B3F5E06F02D90023FB6002E019
:105F30004FF48053FB607B68DB68B3F5706F07D06C
:105F40007B68DB68B3F5E06F02D07B6800229A6261
:105F50007B685B6803F482727B689B6803F404438C
:105F60001A437B681B6903F002031A437B685B6971
:105F700003F001031A437B689B6903F400731A431F
:105F80007B68DB6903F038031A437B681B6A03F004
:105F9000800342EA03017B689B6A03F400527B683A
:105FA0001B680A431A607B689B691B0C03F00402A0
:105FB0007B685B6A03F010031A437B685B6B03F03A
:105FC00008031A437B68DB6803F4706342EA030149
:105FD000FB6803F480527B681B680A435A607B6845
:105FE0001B68DA697B681B6822F40062DA617B68EF
:105FF00000221A667B68012283F85D200023184680
:106000001037BD4680BD80B588B000AFF860B9607C
:106010003B601346FB80FDF70DFEF861FB887B8338
:10602000FB6893F85D30DBB2012B01D002235CE109
:10603000BB68002B02D0FB88002B01D1012354E167
:10604000FB6893F85C30012B01D102234DE1FB6822
:10605000012283F85C20FB68032283F85D20FB6843
:1060600000221A66FB68BA689A63FB68FA889A8706
:10607000FB68FA88DA87FB6800221A64FB68002252
:10608000A3F84420FB680022A3F84620FB68002206
:106090001A65FB680022DA64FB689B68B3F5004F61
:1060A0000FD1FB681B681A68FB681B6822F040026E
:1060B0001A60FB681B681A68FB681B6842F4804220
:1060C0001A60FB681B681B6803F04003402B07D075
:1060D000FB681B681A68FB681B6842F040021A6084
:1060E000FB68DB68B3F5E06F52D9FB685B68002B97
:1060F00002D07B8B012B45D1FB689B6B1A88FB6818
:106100001B68DA60FB689B6B9A1CFB689A63FB68F0
:10611000DB8F9BB2013B9AB2FB68DA8732E0FB6807
:106120001B689B6803F00203022B12D1FB689B6B78
:106130001A88FB681B68DA60FB689B6B9A1CFB681B
:106140009A63FB68DB8F9BB2013B9AB2FB68DA87EC
:1061500018E0FDF76FFD0246FB69D31A3A689A42D0
:1061600003D83B68B3F1FF3F02D13B68002B09D154
:10617000FB68012283F85D20FB68002283F85C2025
:106180000323B2E0FB68DB8F9BB2002BC7D183E017
:10619000FB685B68002B02D07B8B012B77D1FB68FF
:1061A000DB8F9BB2012B12D9FB689B6B1A88FB68B3
:1061B0001B68DA60FB689B6B9A1CFB689A63FB6840
:1061C000DB8F9BB2023B9AB2FB68DA875FE0FB6829
:1061D0009A6BFB681B680C3312781A70FB689B6B18
:1061E0005A1CFB689A63FB68DB8F9BB2013B9AB237
:1061F000FB68DA874BE0FB681B689B6803F00203CF
:10620000022B2BD1FB68DB8F9BB2012B12D9FB68D1
:106210009B6B1A88FB681B68DA60FB689B6B9A1C97
:10622000FB689A63FB68DB8F9BB2023B9AB2FB6808
:10623000DA872CE0FB689A6BFB681B680C331278DA
:106240001A70FB689B6B5A1CFB689A63FB68DB8FB8
:106250009BB2013B9AB2FB68DA8718E0FDF7EAFCD3
:106260000246FB69D31A3A689A4203D83B68B3F1F5
:10627000FF3F02D13B68002B09D1FB68012283F864
:106280005D20FB68002283F85C2003232DE0FB687F
:10629000DB8F9BB2002BAED1FA693968F86800F049
:1062A00047F90346002B02D0FB6820221A66FB68E0
:1062B0009B68002B0AD100237B61FB681B68DB68AD
:1062C0007B61FB681B689B687B617B69FB680122C3
:1062D00083F85D20FB68002283F85C20FB681B6E5E
:1062E000002B01D0012300E0002318462037BD46D3
:1062F00080BD000080B588B000AFF860B9603B6039
:106300001346FB71FDF796FC0246BB6A9B1A3A687E
:106310001344FB61FDF78EFCB861394B1B685B01D0
:106320001B0DFA6902FB03F37B6154E03B68B3F198
:10633000FF3F50D0FDF77EFC0246BB69D31AFA69D5
:106340009A4202D9FB69002B3DD1FB681B685A6851
:10635000FB681B6822F0E0025A60FB685B68B3F5DB
:10636000827F11D1FB689B68B3F5004F04D0FB68B6
:106370009B68B3F5806F07D1FB681B681A68FB68E0
:106380001B6822F040021A60FB689B6AB3F5005F4D
:106390000FD1FB681B681A68FB681B6822F4005267
:1063A0001A60FB681B681A68FB681B6842F400529D
:1063B0001A60FB68012283F85D20FB68002283F8E5
:1063C0005C20032317E07B69002B01D10023FB61D4
:1063D0007B69013B7B61FB681B689A68BB68134063
:1063E000BA689A420CBF01230023DBB21A46FB793C
:1063F0009A429BD1002318462037BD4680BD00BF7E
:10640000C009002080B58AB000AFF860B9607A603A
:106410003B600023FB75FDF70DFC02463B6B9B1AAE
:106420003A6813447B62FDF705FC3862FB681B6821
:106430000C33FB613D4B1A6813469B001344DA0092
:10644000D31A1B0D7A6A02FB03F3BB6160E0BB68E1
:10645000B3F5C06F07D17B68002B04D1FB691B78B3
:10646000DBB2FB75FB7D3B68B3F1FF3F50D0FDF71E
:10647000E1FB02463B6AD31A7A6A9A4202D97B6AE6
:10648000002B3DD1FB681B685A68FB681B6822F033
:10649000E0025A60FB685B68B3F5827F11D1FB684C
:1064A0009B68B3F5004F04D0FB689B68B3F5806F21
:1064B00007D1FB681B681A68FB681B6822F0400262
:1064C0001A60FB689B6AB3F5005F0FD1FB681B681D
:1064D0001A68FB681B6822F400521A60FB681B688C
:1064E0001A68FB681B6842F400521A60FB680122BC
:1064F00083F85D20FB68002283F85C20032310E012
:10650000BB69002B01D100237B62BB69013BBB61EE
:10651000FB681B689A68BB6813407A689A4296D1F8
:10652000002318462837BD4680BD00BFC0090020A3
:1065300080B586B002AFF860B9607A607B6800937E
:10654000BB6800224FF4C051F868FFF75BFF0346B9
:10655000002B07D0FB681B6E43F02002FB681A6615
:10656000032327E07B680093BB6800228021F86842
:10657000FFF7C0FE0346002B07D0FB681B6E43F0FD
:106580002002FB681A66032314E07B680093BB6853
:1065900000224FF4C061F868FFF734FF0346002B78
:1065A00007D0FB681B6E43F02002FB681A660323CA
:1065B00000E0002318461037BD4680BD80B485B08A
:1065C00000AF78607B6893F83D30DBB2012B01D0DF
:1065D000012354E07B68022283F83D207B681B681E
:1065E000DA687B681B6842F00102DA607B681B682E
:1065F000264A934222D07B681B68B3F1804F1DD09E
:106600007B681B68224A934218D07B681B68214A2A
:10661000934213D07B681B681F4A93420ED07B685D
:106620001B681E4A934209D07B681B681C4A934230
:1066300004D07B681B681B4A934215D17B681B689A
:106640009A68194B1340FB60FB68062B15D0FB685A
:10665000B3F5803F11D07B681B681A687B681B68A4
:1066600042F001021A6008E07B681B681A687B68C8
:106670001B6842F001021A6000E000BF00231846C8
:106680001437BD465DF8047B704700BF002C014005
:106690000004004000080040000C004000340140AD
:1066A00000400140005001400700010080B582B069
:1066B00000AF78607B68002B01D1012349E07B6843
:1066C00093F83D30DBB2002B06D17B68002283F8C3
:1066D0003C207868FDF770F97B68022283F83D2042
:1066E0007B681A687B6804331946104600F026FA66
:1066F0007B68012283F848207B68012283F83E20D2
:106700007B68012283F83F207B68012283F84020C8
:106710007B68012283F841207B68012283F84220B4
:106720007B68012283F843207B68012283F84420A0
:106730007B68012283F845207B68012283F846208C
:106740007B68012283F847207B68012283F83D2083
:10675000002318460837BD4680BD80B584B000AF21
:1067600078607B681B68DB68FB607B681B681B6963
:10677000BB60BB6803F00203002B20D0FB6803F072
:106780000203002B1BD07B681B686FF002021A61AA
:106790007B6801221A777B681B689B6903F00303FF
:1067A000002B03D0786800F0ABF905E0786800F0C2
:1067B0009DF9786800F0AEF97B6800221A77BB6813
:1067C00003F00403002B20D0FB6803F00403002B2C
:1067D0001BD07B681B686FF004021A617B68022281
:1067E0001A777B681B689B6903F44073002B03D006
:1067F000786800F085F905E0786800F077F9786846
:1068000000F088F97B6800221A77BB6803F0080360
:10681000002B20D0FB6803F00803002B1BD07B6803
:106820001B686FF008021A617B6804221A777B6884
:106830001B68DB6903F00303002B03D0786800F0CA
:106840005FF905E0786800F051F9786800F062F9C6
:106850007B6800221A77BB6803F01003002B20D05E
:10686000FB6803F01003002B1BD07B681B686FF0E4
:1068700010021A617B6808221A777B681B68DB6943
:1068800003F44073002B03D0786800F039F905E079
:10689000786800F02BF9786800F03CF97B680022FA
:1068A0001A77BB6803F00103002B0CD0FB6803F0E0
:1068B0000103002B07D07B681B686FF001021A618F
:1068C0007868FCF747FABB6803F08003002B04D11B
:1068D000BB6803F40053002B0CD0FB6803F080036B
:1068E000002B07D07B681B686FF402521A6178682E
:1068F00000F0A2FDBB6803F48073002B0CD0FB6892
:1069000003F08003002B07D07B681B686FF4807254
:106910001A61786800F09AFDBB6803F04003002B11
:106920000CD0FB6803F04003002B07D07B681B688A
:106930006FF040021A61786800F0F6F8BB6803F067
:106940002003002B0CD0FB6803F02003002B07D0A2
:106950007B681B686FF020021A61786800F062FDA6
:10696000BB6803F48013002B0CD0FB6803F4801386
:10697000002B07D07B681B686FF480121A6178685F
:1069800000F06EFDBB6803F40013002B0CD0FB6815
:1069900003F40013002B07D07B681B686FF4001210
:1069A0001A61786800F066FDBB6803F48003002B71
:1069B0000CD0FB6803F48003002B07D07B681B68B6
:1069C0006FF480021A61786800F05EFDBB6803F422
:1069D0000003002B0CD0FB6803F40003002B07D04E
:1069E0007B681B686FF400021A61786800F056FD3E
:1069F00000BF1037BD4680BD80B586B000AFF860DF
:106A0000B9607A600023FB75FB6893F83C30012B7A
:106A100001D1022366E0FB68012283F83C207B68F9
:106A2000142B57D801A252F823F000BF816A000846
:106A3000D56A0008D56A0008D56A00088F6A000880
:106A4000D56A0008D56A0008D56A00089D6A000862
:106A5000D56A0008D56A0008D56A0008AB6A000844
:106A6000D56A0008D56A0008D56A0008B96A000826
:106A7000D56A0008D56A0008D56A0008C76A000808
:106A8000FB681B68B968184600F00CF925E0FB6844
:106A90001B68B968184600F09FF91EE0FB681B6888
:106AA000B968184600F02CFA17E0FB681B68B96853
:106AB000184600F0B7FA10E0FB681B68B968184682
:106AC00000F044FB09E0FB681B68B968184600F059
:106AD000A7FB02E00123FB7500BFFB68002283F8DF
:106AE0003C20FB7D18461837BD4680BD80B483B07E
:106AF00000AF786000BF0C37BD465DF8047B70477F
:106B000080B483B000AF786000BF0C37BD465DF83D
:106B1000047B704780B483B000AF786000BF0C374F
:106B2000BD465DF8047B704780B483B000AF7860E9
:106B300000BF0C37BD465DF8047B704780B485B05C
:106B400000AF786039607B681B68FB607B684C4AEB
:106B5000934217D07B68B3F1804F13D07B68494ACA
:106B600093420FD07B68484A93420BD07B68474AD8
:106B7000934207D07B68464A934203D07B68454ADC
:106B8000934208D1FB6823F07003FB603B685B68AD
:106B9000FA681343FB607B68394A934223D07B68D1
:106BA000B3F1804F1FD07B68364A93421BD07B687D
:106BB000354A934217D07B68344A934213D07B689E
:106BC000334A93420FD07B68334A93420BD07B68A1
:106BD000324A934207D07B68314A934203D07B68A4
:106BE0002C4A934208D1FB6823F44073FB603B6856
:106BF000DB68FA681343FB60FB6823F080023B68A4
:106C00005B691343FB607B68FA681A603B689A68AB
:106C10007B68DA623B681A687B689A627B68184A0C
:106C2000934213D07B681A4A93420FD07B681A4A6A
:106C300093420BD07B68194A934207D07B68184A6D
:106C4000934203D07B68134A934203D13B681A698D
:106C50007B681A637B6801225A617B681B6903F0B9
:106C60000103012B05D17B681B6923F001027B68BE
:106C70001A6100BF1437BD465DF8047B704700BF42
:106C8000002C01400004004000080040000C0040BF
:106C900000340140005001400040014000440140E8
:106CA0000048014080B487B000AF786039607B68ED
:106CB0001B6A7B617B681B6A23F001027B681A6296
:106CC0007B685B683B617B689B69FB60FB6823F4C6
:106CD000803323F07003FB60FB6823F00303FB6049
:106CE0003B681B68FA681343FB607B6923F002036F
:106CF0007B613B689B687A6913437B617B68304AA0
:106D0000934213D07B682F4A93420FD07B682E4A60
:106D100093420BD07B682D4A934207D07B682C4A64
:106D2000934203D07B682B4A93420CD17B6923F0BA
:106D300008037B613B68DB687A6913437B617B698D
:106D400023F004037B617B681D4A934213D07B6868
:106D50001C4A93420FD07B681B4A93420BD07B683E
:106D60001A4A934207D07B68194A934203D07B6842
:106D7000184A934211D13B6923F480733B613B690C
:106D800023F400733B613B685B693A6913433B61E1
:106D90003B689B693A6913433B617B683A695A6077
:106DA0007B68FA689A613B685A687B685A637B68BB
:106DB0007A691A6200BF1C37BD465DF8047B7047D4
:106DC000002C0140003401400040014000440140DB
:106DD000004801400050014080B487B000AF7860A7
:106DE00039607B681B6A7B617B681B6A23F0100239
:106DF0007B681A627B685B683B617B689B69FB60B0
:106E0000FB6823F0807323F4E043FB60FB6823F40A
:106E10004073FB603B681B681B02FA681343FB600E
:106E20007B6923F020037B613B689B681B017A69C7
:106E300013437B617B682C4A934207D07B682B4AC3
:106E4000934203D07B682A4A93420DD17B6923F099
:106E500080037B613B68DB681B017A6913437B61BC
:106E60007B6923F040037B617B681F4A934213D008
:106E70007B681E4A93420FD07B681E4A93420BD018
:106E80007B681D4A934207D07B681C4A934203D01B
:106E90007B68174A934213D13B6923F480633B61BB
:106EA0003B6923F400633B613B685B699B003A6983
:106EB00013433B613B689B699B003A6913433B6109
:106EC0007B683A695A607B68FA689A613B685A68DD
:106ED0007B689A637B687A691A6200BF1C37BD467B
:106EE0005DF8047B704700BF002C01400034014076
:106EF0000050014000400140004401400048014072
:106F000080B487B000AF786039607B681B6A7B61B2
:106F10007B681B6A23F480727B681A627B685B68FB
:106F20003B617B68DB69FB60FB6823F4803323F003
:106F30007003FB60FB6823F00303FB603B681B6886
:106F4000FA681343FB607B6923F400737B613B6841
:106F50009B681B027A6913437B617B682B4A9342CF
:106F600007D07B682A4A934203D07B68294A934220
:106F70000DD17B6923F400637B613B68DB681B02F6
:106F80007A6913437B617B6923F480637B617B684F
:106F90001E4A934213D07B681D4A93420FD07B68F0
:106FA0001D4A93420BD07B681C4A934207D07B68F2
:106FB0001B4A934203D07B68164A934213D13B6924
:106FC00023F480533B613B6923F400533B613B68EE
:106FD0005B691B013A6913433B613B689B691B0179
:106FE0003A6913433B617B683A695A607B68FA6887
:106FF000DA613B685A687B68DA637B687A691A628F
:1070000000BF1C37BD465DF8047B7047002C014073
:107010000034014000500140004001400044014064
:107020000048014080B487B000AF786039607B6869
:107030001B6A7B617B681B6A23F480527B681A623F
:107040007B685B683B617B68DB69FB60FB6823F006
:10705000807323F4E043FB60FB6823F44073FB6020
:107060003B681B681B02FA681343FB607B6923F4CF
:1070700000537B613B689B681B037A6913437B6108
:107080007B682C4A934207D07B682B4A934203D0FB
:107090007B682A4A93420DD17B6923F400437B61CC
:1070A0003B68DB681B037A6913437B617B6923F4CC
:1070B00080437B617B681F4A934213D07B681E4AE2
:1070C00093420FD07B681E4A93420BD07B681D4AC7
:1070D000934207D07B681C4A934203D07B68174ACF
:1070E000934213D13B6923F480433B613B6923F412
:1070F00000433B613B685B699B013A6913433B6119
:107100003B689B699B013A6913433B617B683A6921
:107110005A607B68FA68DA613B685A687B681A646F
:107120007B687A691A6200BF1C37BD465DF8047B34
:10713000704700BF002C0140003401400050014066
:1071400000400140004401400048014080B487B045
:1071500000AF786039607B681B6A3B617B681B6AA3
:1071600023F480327B681A627B685B687B617B6892
:107170001B6DFB60FB6823F4803323F07003FB601E
:107180003B681B68FA681343FB603B6923F40033D8
:107190003B613B689B681B043A6913433B617B6816
:1071A000194A934213D07B68184A93420FD07B68E8
:1071B000174A93420BD07B68164A934207D07B68EC
:1071C000154A934203D07B68144A934209D17B69E4
:1071D00023F480337B613B685B691B027A6913434C
:1071E0007B617B687A695A607B68FA681A653B68DC
:1071F0005A687B689A647B683A691A6200BF1C37D8
:10720000BD465DF8047B7047002C0140003401400E
:10721000004001400044014000480140005001404E
:1072200080B487B000AF786039607B681B6A3B61CF
:107230007B681B6A23F480127B681A627B685B6838
:107240007B617B681B6DFB60FB6823F0807323F41C
:10725000E043FB603B681B681B02FA681343FB605A
:107260003B6923F400133B613B689B681B053A694B
:1072700013433B617B681A4A934213D07B68194AD7
:1072800093420FD07B68184A93420BD07B68174A11
:10729000934207D07B68164A934203D07B68154A15
:1072A000934209D17B6923F480237B613B685B694E
:1072B0009B027A6913437B617B687A695A607B68B9
:1072C000FA681A653B685A687B68DA647B683A69D1
:1072D0001A6200BF1C37BD465DF8047B704700BFD3
:1072E000002C0140003401400040014000440140B6
:1072F000004801400050014080B485B000AF786084
:1073000039607B6893F83C30012B01D1022374E093
:107310007B68012283F83C207B68022283F83D20B1
:107320007B681B685B68FB607B681B689B68BB6055
:107330007B681B68344A934209D07B681B68334AD8
:10734000934204D07B681B68314A934208D1FB68A2
:1073500023F47003FB603B685B68FA681343FB60CF
:10736000FB6823F0007323F07003FB603B681B682D
:10737000FA681343FB607B681B68FA685A607B6895
:107380001B68214A934222D07B681B68B3F1804F6F
:107390001DD07B681B681F4A934218D07B681B680E
:1073A0001D4A934213D07B681B681C4A93420ED03F
:1073B0007B681B68154A934209D07B681B68184A92
:1073C000934204D07B681B68114A93420CD1BB687E
:1073D00023F08003BB603B689B68BA681343BB60C3
:1073E0007B681B68BA689A607B68012283F83D203D
:1073F0007B68002283F83C20002318461437BD46E2
:107400005DF8047B704700BF002C01400034014050
:10741000005001400004004000080040000C004003
:107420000040014080B483B000AF786000BF0C37EB
:10743000BD465DF8047B704780B483B000AF7860D0
:1074400000BF0C37BD465DF8047B704780B483B045
:1074500000AF786000BF0C37BD465DF8047B704715
:1074600080B483B000AF786000BF0C37BD465DF8D4
:10747000047B704780B483B000AF786000BF0C37E6
:10748000BD465DF8047B704780B483B000AF786080
:1074900000BF0C37BD465DF8047B704780B483B0F5
:1074A00000AF786000BF0C37BD465DF8047B7047C5
:1074B0000EB410B59DB01FAB029006906FF0004166
:1074C0000A48079104910A4953F8042B05910024B6
:1074D00002A9006801931B9400F094F9029B1C70B0
:1074E0001DB0BDE8104003B0704700BFCC090020BC
:1074F0000802FFFF02440346934200D1704703F89D
:10750000011BF9E7014B1868704700BFCC09002048
:1075100070B50D4D0D4C641BA4100026A64209D178
:107520000B4D0C4C00F064FC641BA4100026A6421A
:1075300005D170BD55F8043B98470136EEE755F884
:10754000043B98470136F2E7608500086085000833
:1075500060850008648500087047704738B50546A7
:10756000002941D051F8043C0C1F002BB8BFE4188F
:1075700000F0E0F81D4A136833B9636014602846D0
:10758000BDE8384000F0DCB8A34208D920682118D3
:107590008B4201BF19685B6809182160EDE71A4644
:1075A0005B680BB1A342FAD911685018A0420BD105
:1075B00020680144501883421160E0D118685B686C
:1075C000536008441060DAE702D90C232B60D6E739
:1075D000206821188B4204BF19685B68636004BF90
:1075E000091821605460CAE738BD00BF1C30002074
:1075F00070B50F4E0C463168054611B900F0A4FB7A
:1076000030602146284600F09FFB431C03D14FF019
:10761000FF34204670BDC41C24F00304A042F8D0FF
:10762000211A284600F090FB0130F2D1EFE700BFAD
:10763000183000202DE9F843CD1C25F0030508354E
:107640000C2D38BF0C25002D064601DBA94204D9BC
:107650000C2333600020BDE8F883DFF8D48000F00D
:1076600069F8D8F800301C4644BB29463046FFF77D
:10767000BFFF431C044658D1D8F800402746002FCE
:1076800043D1002C4BD023683946304604EB030924
:1076900000F05AFB814542D121686D1A29463046D7
:1076A000FFF7A6FF01303AD023682B442360D8F8B7
:1076B00000305A6862BBC8F800700FE02268521BA5
:1076C00020D40B2A17D96119A342256018BF59602D
:1076D000636808BFC8F8001062514B60304600F084
:1076E0002FF804F10B00231D20F00700C21A1CBF65
:1076F0001B1AA350AFE76268A3420CBFC8F8002072
:107700005A60EBE723466468AEE73C467F68B6E71D
:107710001A465B68A342FBD100235360DEE70C23CB
:107720003360304600F00CF894E70560D6E700BF00
:107730001C3000200148FFF70FBF00BF14300020AD
:107740000148FFF70ABF00BF143000202DE9F047C1
:107750008E681F46BE420B6882460C4690462DD866
:10776000B1F90C2012F4906F26D06569096905EB18
:107770004505A3EB010905EBD5757B1C4B446D104A
:107780009D4238BF1D46530527D52946FFF752FFB6
:10779000064660B321694A4600F0E6FAA38923F45D
:1077A000906343F08003A381266165614E44A5EB9D
:1077B00009052660A5603E46BE4200D93E462068C7
:1077C0003246414600F0A6FAA3689B1BA3602368DB
:1077D000334423600020BDE8F0872A4600F0D2FA47
:1077E00006460028E0D121695046FFF7B7FE0C237A
:1077F000CAF80030A38943F04003A3814FF0FF3063
:10780000E9E700002DE9F04F98468B891B069DB0F3
:1078100007460D46144610D50B6973B94021FFF792
:1078200009FF2860286130B90C233B604FF0FF301E
:107830001DB0BDE8F08F40236B6100230993202326
:107840008DF82930CDF80C803023DFF89C818DF83D
:107850002A304FF0010923469A4613F8012B0AB14A
:10786000252AF9D1BAEB040B0BD05B4622462946F8
:107870003846FFF76BFF013000F0A780099A5A44A1
:1078800009929AF80030002B00F09F8000234FF0FF
:10789000FF32CDE905230AF1010A049307938DF81D
:1078A00053301A935446052214F8011B4E48F8F73A
:1078B000B7FC049AD8B9D00644BF20238DF85330C2
:1078C000110744BF2B238DF853309AF800302A2B30
:1078D00015D0079A544600204FF00A0C214611F8A3
:1078E000013B303B092B4BD9B0B1079214E0A0EB20
:1078F000080309FA03F313430493A246D2E7039B58
:10790000191D1B680391002BBBBF5B4242F00202B2
:1079100007930793B8BF049223782E2B0AD163787C
:107920002A2B32D1039B1A1D1B68039243EAE3738F
:1079300002340593DFF8C0A0217803225046F8F7FF
:107940006FFC38B1049BA0EB0A0040228240134335
:107950000134049314F8011B24488DF828100622E2
:10796000F8F75EFC002836D0214B1BBB039B073386
:1079700023F0070308330393099B334409936AE711
:107980000CFB02320C460120A8E7002301340593CA
:1079900019464FF00A0C204610F8012B303A092AFC
:1079A00003D9002BC6D00591C4E70CFB0121044686
:1079B0000123F0E703AB00932A460E4B04A9384697
:1079C000AFF30080421C0646D6D1AB895B063FF57B
:1079D0002DAF09982CE703AB00932A46054B04A969
:1079E000384600F079F8EDE7248500082E85000878
:1079F000000000004D7700082A8500082DE9F047B7
:107A0000164698468A680B69DDF820909342B8BF05
:107A10001346336091F8432007460C460AB1013300
:107A200033602368990642BF3368023333602568A8
:107A300015F0060506D104F1190AE36832689B1AAD
:107A4000AB4226DC94F843302268003B18BF012388
:107A500092062BD404F1430241463846C847013010
:107A60001ED02368226903F00603042B02BFE568D9
:107A70003368ED1AA3680CBF25EAE575002593422B
:107A8000C4BF9B1AED1800261A34B5421AD1002043
:107A900008E00123524641463846C847013003D129
:107AA0004FF0FF30BDE8F0870135C6E7E1185A1CFA
:107AB000302081F84300224494F8451082F84310A6
:107AC0000233C7E70123224641463846C847013002
:107AD000E6D00136D9E700002DE9FF470F7E0C9E66
:107AE000782F914680460C469A4601F1430207D80A
:107AF000622F0AD8002F00F0D180582F00F0B880F4
:107B000004F1420684F842703AE0A7F16303152BB2
:107B1000F6D801A151F823F0717B0008857B00089D
:107B2000017B0008017B0008017B0008017B000845
:107B3000857B0008017B0008017B0008017B0008B1
:107B4000017B0008837C0008AF7B00083D7C0008B7
:107B5000017B0008017B0008A57C0008017B000870
:107B6000AF7B0008017B0008017B0008457C000812
:107B700033681A1D1B68326004F1420684F84230F3
:107B800001239CE033682068191D3160060601D589
:107B90001D6803E04506FBD5B3F90050002D03DA5C
:107BA0002D236D4284F8433058480A2311E02168A0
:107BB0003368080653F8045B02D4490648BFADB2E7
:107BC0006F2F5248336014BF0A230823002184F822
:107BD00043106668A660002E05DB21682E4321F065
:107BE000040121604BD01646B5FBF3F103FB11579E
:107BF000C75D06F8017D2F46BB420D46F4D9082B20
:107C00000BD12368DF0708D5236961689942DEBF7D
:107C1000302306F8013C06F1FF36921B2261CDF8B5
:107C200000A04B4603AA21464046FFF7E7FE01307D
:107C30004AD14FF0FF3004B0BDE8F087236843F02D
:107C4000200323603248782784F845702368316820
:107C50001F0651F8045B02D45F0648BFADB2316025
:107C6000D90744BF43F0200323601DB11023ADE7C3
:107C70002648E9E7236823F020032360F6E7164649
:107C8000BDE7336825686169181D30602E061B68E2
:107C900001D5196002E06806FBD519800023236135
:107CA0001646BCE733681A1D32601E686268002100
:107CB0003046F8F7B5FA08B1801B6060636823614D
:107CC000002384F84330AAE72369324649464046F8
:107CD000D0470130ADD023689B0713D4E068039BE5
:107CE0009842B8BF1846A6E70123324649464046A7
:107CF000D04701309DD00135E36803995B1AAB4250
:107D0000F2DCEBE7002504F11906F5E735850008FC
:107D100046850008884210B501EB020402D984426E
:107D2000234607D8431EA14208D011F8012B03F8BF
:107D3000012FF8E7024401468A4200D110BD13F832
:107D4000014D02F8014DF7E738B5064D0023044612
:107D500008462B60FBF798FE431C02D12B6803B149
:107D6000236038BD103000200A44914200F1FF33F7
:107D700000D1704710B511F8014B03F8014F914243
:107D8000F9D110BD2DE9F041074614460D4621B941
:107D9000BDE8F0411146FFF74DBC2AB9FFF7DEFB05
:107DA00025462846BDE8F08100F01AF884420646D0
:107DB00002D8B4EB500FF4D821463846FFF73AFC0E
:107DC000804608B94546ECE7B4422246294628BF1A
:107DD0003246FFF7C9FF29463846FFF7BFFBF1E7F8
:107DE00051F8043C181F002BBCBF0B58C01870473B
:107DF000F8B500BFF8BC08BC9E467047F8B500BF98
:087E0000F8BC08BC9E46704767
:107E080000000000537461727400000053657474BC
:107E1800696E6773000000004D616E75616C00004B
:107E28004465627567000000522043757272656E82
:107E38007400000053746F70000000004C6F776589
:107E480072486561640000004C6F77657254697010
:107E5800000000004C696674486561640000000019
:107E68004C6F77657248656164416E6445746368F8
:107E7800000000004261636B0000000052656C6105
:107E8800790000004D6F746F723100004D6F746F90
:107E980072320000457463682E20456E2E00000083
:107EA800486F6D65204D6F746F723200457463685A
:107EB800696E672074696D65000000004465707420
:107EC8006800000053746570000000004D61782060
:107ED80063757272656E7400256400003025640055
:107EE80030302564000000003030300025642C2537
:107EF80073206D410000000049646C6500000000BB
:107F0800543A202564000000256420730000000016
:107F18002564206D6D000000256420756D0000004B
:107F28002564206D410000003556000032345600AB
:107F3800456C656374726F646500000076322E309C
:107F4800207C20696E2064657600000054697020EA
:107F5800457463686572000000FF40B6D01228D3EC
:107F6800F244BF944890107152950E0709D2A5F0BB
:107F7800810000878889089072000004E091091147
:107F88000E3048484830529A8C8EFAF02949249984
:107F98002291249A49484F4A00003F000000D8E047
:107FA800C010220444883368E186186189E013F11F
:107FB80011111118CD0A10618C3040FC38C91831E4
:107FC800C380E146F8041871E2C9B37F0C187E81BA
:107FD8000207C8C08146F8312860FB38618DE0FC93
:107FE800108210C208610018C91A33CD90A146F852
:107FF8007368E18F72438BE0C00C400DC0003330D2
:10800800E0E040FC00000303031DC8007B38431870
:10801800430000C00FC0C308048EB4CCA447222973
:10802800124EE3000E001F000C0E0502C22111FCC7
:10803800824160C0FC868282FC86828382FC3E4349
:10804800C18080808181437EFCC6C3C1C1C1C1C3D8
:10805800C6FCFF83060FF83060C1FCFF83060FD80B
:108068003060C1803E21B05008043E0303419F4068
:1080780081818181FF8181818181FFFFF00410412D
:10808800041071CDE082848890B0D88C8486838275
:10809800082082082083F0C1E0E8747A2C965B29D6
:1080A8008CC640C1C1A1B191898D8587833E21A02D
:1080B80070180C060303431F00FD8F0E1C7FB06071
:1080C800C1803E21A070180C06030B431F8020FEC0
:1080D800C3C1C1C6FEC3C3C3C17CC682C0701E0271
:1080E80083C27CFF080808080808080808818181FD
:1080F8008181818181C37E41A09844622190582862
:108108001C0600C21A389144CA26531450A285147A
:1081180038E0820041118C8280C0E050446320C066
:10812800C1B088C6C1406020100804007F0306045F
:108138000818306040FFEAAAAAC08804402201E477
:108148009249249E231529000044FA20BE8A2FC094
:1081580082083E8E18618FE07C89060C089F000219
:10816800040BD47870E146F47A387F823780344F34
:108178004444447A8F1E1C68DE83447082083E8E15
:10818800186186109FC0415555C0820826B38F24B8
:108198008A30FFC0FFC66231188C4622FA386186E1
:1081A80018407C8D0E1428CF00FA3861863FA082D3
:1081B800007E8F0E1C28DE810204FA49207D140EF1
:1081C8000517C04BA492608E38E38E3F40C48933B4
:1081D80042860C00CCD324C95E730CC33044A384FC
:1081E80029A4404489314286040820C07C318C216E
:1081F8000FC06925A64926FFF8C66622122666C062
:10820800E670000000000101040000000100010AFE
:108218000402F700030003040501F7000500070A3C
:108228000800F7000E00070D0800F6001A000C0AF7
:108238000C00F7002900080A0901F70033000104BF
:108248000301F7003400030D0501F7003900030DA1
:108258000501F7003E0004040501F7004000060789
:108268000801FA0046000203040100004700030168
:108278000501FD0048000201040100004900040A4C
:108288000400F7004E00060A0801F7005600040A29
:108298000801F7005B00070A0800F7006400070AF6
:1082A8000800F7006D00070A0800F7007600070AC3
:1082B8000800F7007F00060A0801F7008700060A91
:1082C8000801F7008F00070A0800F7009800060A5F
:1082D8000801F700A00002070401FA00A200020941
:1082E8000401FA00A50006070801FA00AB0006031E
:1082F8000801FC00AE0006070801FA00B400060AEF
:108308000801F700BC000D0C0E00F700D000090AA8
:108318000900F700DC00080A0901F700E600080A6E
:108328000A01F700F000080A0A01F700FA00070A34
:108338000901F7000301070A0801F7000C01090AFF
:108348000B01F7001801080A0A01F7002201020AC6
:108358000401F7002501060A0700F7002D01080AA5
:108368000901F7003701060A0801F7003F01090A69
:108378000B01F7004B01080A0A01F7005501090A29
:108388000B01F7006101070A0901F7006A01090BEF
:108398000B01F7007701080A0A01F7008101080AB2
:1083A8000901F7008B01080A0800F7009501080A7F
:1083B8000A01F7009F01090A0900F700AB010D0A3D
:1083C8000D00F700BC01090A0900F700C801090AF5
:1083D8000900F700D401080A0800F700DE01020DC1
:1083E8000401F700E201040A0400F700E701030DA5
:1083F8000400F700EC0105050601F700F00108018B
:1084080008000300F10103020500F700F201060766
:108418000801FA00F801060A0801F7000002070738
:108428000700FA000702070A0800F700100206070B
:108438000801FA001602040A0400F7001B02070AE2
:108448000800FA002402060A0801F7002C02010AB3
:108458000301F7002E02020D0300F7003202060A9C
:108468000701F7003A02010A0301F7003C02090775
:108478000B01FA00440206070801FA004A0207073E
:108488000800FA005102060A0801FA005902070A10
:108498000800FA00620203070501FA0065020607F0
:1084A8000700FA006B0203090400F8006F020607D0
:1084B8000801FA00750207070700FA007C020A079C
:1084C8000A00FA00850206070700FA008B02070A6D
:1084D8000700FA00940206070700FA009A02030D43
:1084E8000501F7009F02010D0401F700A102040D28
:1084F8000500F700A80206020801FB00607F0008DB
:108508000C82000820007E00170000000000000018
:10851800000000000102030406070809232D302B80
:108528002000686C4C00656667454647003031326C
:1085380033343536373839414243444546003031C3
:108548003233343536373839616263646566000022
:08855800C87CFF7F0100000058
:048560000502000808
:04856400E101000829
:108568000000000000000000000000000000000003
:1085780000000000000000000000000000000000F3
:1085880000000000000000000000000000000000E3
:1085980000000000000000000000000000000000D3
:1085A800000000000000000000000000DDEEEEEE1C
:1085B800EEEEEEBB0000000000000000000000002E
:1085C800000000000000000000000000DDEEEEEEFC
:1085D800EEEEEEBB0000000000000000000000000E
:1085E80000000000000000000000EEEEEE44000075
:1085F800000055EEEEEE0000000000000000000054
:1086080000000000000000000000EEEEEE44000054
:10861800000055EEEEEE0000000000000000000033
:108628000000000000000000EEEEEE000000000078
:108638000000000000EEEEEE000000000000000068
:108648000000000000000000EEEEEE000000000058
:108658000000000000EEEEEE000000000000000048
:1086680000000000000000EEEE0000000000000026
:1086780000000000000000EEEE0000000000000016
:1086880000000000000000EEEE0000000000000006
:1086980000000000000000EEEE00000000000000F6
:1086A800000000000022EEEE0000000000000000C4
:1086B8000000000000000000EEEE220000000000B4
:1086C800000000000022EEEE0000000000000000A4
:1086D8000000000000000000EEEE22000000000094
:1086E80000000000EEEE2200000000000000000084
:1086F80000000000000000000022EEEE0000000074
:1087080000000000EEEE2200000000000000000063
:1087180000000000000000000022EEEE0000000053
:1087280000000022EE000000000000000000000031
:108738000000000000000000000000EE2200000021
:1087480000000022EE000000000000000000000011
:108758000000000000000000000000EE2200000001
:10876800000000EE220000000000000000000000F1
:10877800000000000000000000000022EE000000E1
:10878800000000EE220000000000000000000000D1
:10879800000000000000000000000022EE000000C1
:1087A800000000EE000000000000000000000000D3
:1087B800000000000000000000000000EE000000C3
:1087C800000000EE000000000000000000000000B3
:1087D800000000000000000000000000EE000000A3
:1087E8000000EE770000000000000000000000001C
:1087F800000000000000000000000000EEEE330062
:108808000000EE77000000000000000000000000FB
:10881800000000000000000000000000EEEE330041
:108828000000000000000000000000000000000040
:108838000000000000000000000000000022EEEE32
:108848000000000000000000000000000000000020
:108858000000000000000000000000000022EEEE12
:10886800EEEE00000000EEEE000000000000000048
:108878000000EEEE5500000000EEEEEE0000EEEE19
:10888800EEEE00000000EEEE000000000000000028
:108898000000EEEE5500000000EEEEEE0000EEEEF9
:1088A800EEEEEE000000EEEE00000000000000001A
:1088B8000000EEEEEE00000000EEEEEE000000001C
:1088C800EEEEEE000000EEEE0000000000000000FA
:1088D8000000EEEEEE00000000EEEEEE00000000FC
:1088E800EEEEEEEE0000EEEE00000022EEEE3300BB
:1088F8000000EEEEEE00000000EEEEEE0000EEEE00
:10890800EEEEEEEE0000EEEE00000022EEEE33009A
:108918000000EEEEEE00000000EEEEEE0000EEEEDF
:10892800EEEE00EEEE00EEEE0000EEEE2222EEEEAF
:108938000000EEEEEEEE0000EEEEEEEE0000EEEEE3
:10894800EEEE00EEEE00EEEE0000EEEE2222EEEE8F
:108958000000EEEEEEEE0000EEEEEEEE0000EEEEC3
:10896800EEEE00EEEE00EEEE000000000000EEEE8F
:108978000000EEEEEEEE0000EE00EEEE0000EEEE91
:10898800EEEE00EEEE00EEEE000000000000EEEE6F
:108998000000EEEEEEEE0000EE00EEEE0000EEEE71
:1089A800EEEE0000EEEEEEEE0000EEEEEEEEEEEE97
:1089B8000000EEEE00EEEEEEEE00EEEE0000EEEE63
:1089C800EEEE0000EEEEEEEE0000EEEEEEEEEEEE77
:1089D8000000EEEE00EEEEEEEE00EEEE0000EEEE43
:1089E800EEEE0000BBEEEEEE0000EEEE0000EEEE66
:1089F8000000EEEE00EEEEEEEE00EEEE0000EEEE23
:108A0800EEEE0000BBEEEEEE0000EEEE0000EEEE45
:108A18000000EEEE00EEEEEEEE00EEEE0000EEEE02
:108A2800EEEE000000EEEEEE00EEEE000000EEEEE0
:108A38000000EEEE0000EEEE0000EEEE0000EEEEBE
:108A4800EEEE000000EEEEEE00EEEE000000EEEEC0
:108A58000000EEEE0000EEEE0000EEEE0000EEEE9E
:108A6800EEEE00000000EEEE0000EEEEEEEEEEEEB2
:108A78000000EEEE0000EEEE0000EEEE0000EEEE7E
:108A8800EEEE00000000EEEE0000EEEEEEEEEEEE92
:108A98000000EEEE0000EEEE0000EEEE0000EEEE5E
:108AA800EEEE00000000EEEE000000EEEE00EEEE4E
:108AB8000000EEEE0000AAAA0000EEEE3300EEEE93
:108AC800EEEE00000000EEEE000000EEEE00EEEE2E
:108AD8000000EEEE0000AAAA0000EEEE3300EEEE73
:108AE800000000EE00000000000000000000000090
:108AF800000000000000000000000022EE0000005E
:108B0800000000EE0000000000000000000000006F
:108B1800000000000000000000000022EE0000003D
:108B2800000000EECC000000000000000000000083
:108B38000000000000000000000000EEEE00000051
:108B4800000000EECC000000000000000000000063
:108B58000000000000000000000000EEEE00000031
:108B680000000000EE1100000000000000000000FE
:108B78000000000000000000000011EE00000000EE
:108B880000000000EE1100000000000000000000DE
:108B98000000000000000000000011EE00000000CE
:108BA8000000000033EEEE000000000000000000AE
:108BB800000000000000000000EEEE33000000009E
:108BC8000000000033EEEE0000000000000000008E
:108BD800000000000000000000EEEE33000000007E
:108BE800000000000000EEEE0000000000000000A1
:108BF8000000000000000000EEEE00000000000091
:108C0800000000000000EEEE000000000000000080
:108C18000000000000000000EEEE00000000000070
:108C280000000000000000EEEE0000000000000060
:108C380000000000000000EEEE0000000000000050
:108C480000000000000000EEEE0000000000000040
:108C580000000000000000EEEE0000000000000030
:108C68000000000000000000EEEEEE000000000032
:108C78000000000000EEEEEE000000000000000022
:108C88000000000000000000EEEEEE000000000012
:108C98000000000000EEEEEE000000000000000002
:108CA80000000000000000000000EEEEEEEEEEEE28
:108CB800EEEEEEEEEEEE0000000000000000000018
:108CC80000000000000000000000EEEEEEEEEEEE08
:108CD800EEEEEEEEEEEE00000000000000000000F8
:108CE800000000000000000000000000000000007C
:108CF800000000000000000000000000000000006C
:108D0800000000000000000000000000000000005B
:108D1800000000000000000000000000000000004B
:108D2800000000000000000000000000000000003B
:108D3800000000000000000000000000000000002B
:108D4800000000000000000000000000000000001B
:108D5800000000000000000000000000000000000B
:108D68000A00400000013C000500140064000000F7
:108D7800902B002064000000000000000000494023
:108D880000000000000000007F000000000000005C
:108D9800000000000004004808000000000400482B
:108DA800100000000000000000000000000400485F
:108DB8002000000000040048400000000A000000F5
:108DC8000000000000000000087E0008000000000D
:108DD800A52A00080C7E0008020000000000000020
:108DE800147E00080300000000000000207E000838
:108DF8000400000000000000287E000800000000B9
:108E0800592F0008307E0008000000000000000014
:108E18003C7E00080000000000000000447E0008BE
:108E28000000000000000000507E00080000000064
:108E3800000000005C7E0008000000000000000048
:108E4800687E000801000000000000007C7E000829
:108E58000000000000000000087E0008000000007C
:108E6800652A0008847E00080000000099120008A6
:108E78008C7E00080000000099120008947E00080B
:108E880000000000852A00089C7E00080000000001
:108E9800492A0008A87E0008010000000000000020
:108EA8007C7E000800000000F92A0008B47E000853
:108EB80000000000F92A0008C47E00080000000035
:108EC800F92A0008CC7E000800000000F92A0008F2
:108ED800D47E000801000000000000007C7E00082D
:108EE80001000000FD2600086008002006000000C0
:108EF80002000000AD280008440900200500000019
:108F0800030000004D290008F008002007000000B9
:108F180004000000EF260008A80800200600000052
:108F28000024F4001000000001000000D009002017
:108F380000000000D82E0020402F0020A82F00207D
:108F48000000000000000000000000000000000019
:108F58000000000000000000000000000000000009
:108F680000000000000000000000000000000000F9
:0C8F7800000000000000000000000000ED
:0400000508003B199B
:00000001FF
